0;0;1;1;1;1;1;1
1;0;4;1;1;1;1;4
0;1;1;1;1;3;1;1
-1;1;3;3;2;1;1;1
-1;0;1;1;6;1;6;1
0;-1;2;1;7;7;7;7
1;-1;4;1;1;2;1;1
2;0;4;1;4;4;1;2
1;1;3;3;3;1;1;4
2;-1;1;1;4;4;1;4
0;2;3;1;3;1;1;3
-1;2;1;3;2;2;3;2
-2;2;2;2;2;1;1;2
-2;1;1;1;6;1;1;6
-2;0;7;1;7;7;7;7
-1;-1;8;8;8;8;8;8
0;-2;5;5;5;2;5;5
1;-2;7;7;7;7;7;7
2;-2;2;7;7;7;2;2
3;0;4;1;1;4;1;1
2;1;4;3;3;3;1;1
3;-1;2;1;2;3;4;4
1;2;3;3;3;3;3;3
3;-2;1;4;4;2;2;1
0;3;1;1;3;1;1;3
-1;3;1;3;2;3;3;3
-2;3;3;2;2;2;2;2
-3;3;2;2;1;1;3;2
-3;2;1;3;3;6;1;6
-3;1;1;1;3;1;3;1
-3;0;5;3;5;5;1;5
-2;-1;7;7;7;7;7;7
-1;-2;2;6;1;1;6;2
0;-3;3;5;2;2;5;1
1;-3;2;5;5;3;5;5
2;-3;3;2;1;2;1;1
3;-3;3;2;2;3;3;3
4;0;4;3;1;4;3;4
3;1;4;1;1;4;1;1
4;-1;3;3;1;2;1;2
2;2;3;3;1;3;3;1
4;-2;3;1;4;1;1;4
1;3;3;3;3;1;3;1
4;-3;1;1;1;3;1;1
0;4;3;1;1;1;1;3
-1;4;1;1;1;1;3;3
-2;4;1;2;2;2;2;2
-3;4;2;2;2;2;2;2
-4;4;2;1;1;1;1;1
-4;3;7;7;2;2;3;3
-4;2;6;3;2;6;6;3
-4;1;8;8;8;8;8;8
-4;0;5;5;1;1;1;5
-3;-1;5;1;5;1;1;5
-2;-2;8;8;8;8;8;8
-1;-3;2;6;6;4;2;1
0;-4;1;7;7;2;2;2
1;-4;1;5;1;1;1;5
2;-4;7;7;7;7;7;7
3;-4;3;3;7;7;3;1
4;-4;1;1;3;3;1;3
5;0;1;4;1;4;4;4
4;1;1;3;3;4;3;1
5;-1;1;4;4;3;1;1
3;2;3;1;3;3;1;3
5;-2;2;1;2;3;1;1
2;3;3;3;3;3;3;3
5;-3;4;1;4;1;1;4
1;4;3;4;4;3;3;3
5;-4;1;1;1;1;1;1
0;5;2;1;2;2;1;4
-1;5;2;2;2;1;1;1
-2;5;1;2;2;2;2;1
-3;5;2;4;2;2;2;2
-4;5;2;1;4;1;1;2
-5;5;1;4;4;4;4;1
-5;4;1;4;4;4;4;3
-5;3;2;4;4;1;1;2
-5;2;6;1;6;1;6;1
-5;1;1;6;2;6;1;1
-5;0;1;1;1;1;4;1
-4;-1;1;1;1;5;1;5
-3;-2;1;1;5;1;3;5
-2;-3;4;5;5;3;2;3
-1;-4;2;2;3;1;2;1
0;-5;2;2;7;7;7;7
1;-5;4;1;2;2;2;2
2;-5;4;5;5;4;2;4
3;-5;3;3;5;4;1;5
4;-5;1;1;1;3;1;1
5;-5;3;1;3;1;3;1
6;0;1;1;4;1;4;4
5;1;1;1;1;1;4;4
6;-1;1;4;4;1;4;4
4;2;1;4;3;3;3;1
6;-2;4;4;1;2;3;4
3;3;3;1;3;3;1;3
6;-3;1;3;1;4;2;1
2;4;5;5;1;3;3;3
6;-4;3;2;4;1;1;1
1;5;4;3;1;2;2;1
6;-5;1;1;1;3;3;1
0;6;2;2;2;2;1;1
-1;6;2;1;1;2;2;2
-2;6;2;1;1;4;2;2
-3;6;4;4;4;4;4;2
-4;6;4;1;4;4;1;2
-5;6;4;4;4;4;4;4
-6;6;4;4;2;2;2;4
-6;5;4;2;1;2;1;4
-6;4;4;1;1;4;1;4
-6;3;1;1;6;1;1;6
-6;2;1;1;2;1;2;2
-6;1;6;2;6;1;6;1
-6;0;8;8;8;8;8;8
-5;-1;5;4;3;1;5;2
-4;-2;1;1;2;1;5;5
-3;-3;3;3;7;7;1;3
-2;-4;1;2;3;3;1;1
-1;-5;2;2;1;2;1;3
0;-6;2;5;3;3;5;2
1;-6;2;2;1;2;2;1
2;-6;4;2;2;2;4;4
3;-6;1;1;4;4;5;5
4;-6;3;7;7;7;1;2
5;-6;3;3;1;3;1;3
6;-6;3;3;1;3;1;1
7;0;7;7;7;7;7;7
6;1;1;1;2;1;1;1
7;-1;1;1;4;1;1;4
5;2;2;2;3;1;1;2
7;-2;4;1;4;4;4;2
4;3;3;4;4;3;4;3
7;-3;3;4;4;1;3;4
3;4;1;1;5;5;1;4
7;-4;3;3;1;3;4;4
2;5;1;3;3;4;5;5
7;-5;1;4;1;1;4;1
1;6;1;3;2;2;3;3
7;-6;3;4;1;3;3;1
0;7;2;1;2;2;2;2
-1;7;2;2;1;1;1;2
-2;7;1;1;4;4;1;1
-3;7;4;6;6;4;4;1
-4;7;4;4;3;1;1;4
-5;7;1;1;1;1;4;4
-6;7;1;4;4;1;4;4
-7;7;1;2;4;2;4;2
-7;6;2;4;4;2;1;1
-7;5;2;7;7;1;4;1
-7;4;4;4;6;6;1;6
-7;3;7;1;7;1;7;2
-7;2;8;8;8;8;8;8
-7;1;1;5;2;5;6;6
-7;0;6;6;5;1;1;5
-6;-1;1;5;5;5;1;5
-5;-2;1;5;5;1;1;1
-4;-3;1;5;1;5;4;4
-3;-4;3;1;4;3;1;4
-2;-5;2;1;4;3;1;3
-1;-6;3;1;3;3;4;4
0;-7;7;7;4;4;4;2
1;-7;4;2;2;1;2;2
2;-7;4;4;1;4;4;1
3;-7;5;5;4;4;4;5
4;-7;7;7;7;7;7;7
5;-7;3;1;1;1;3;3
6;-7;1;1;3;3;1;1
7;-7;1;3;1;1;1;1
8;0;1;2;1;1;2;2
7;1;1;1;1;1;1;1
8;-1;1;2;1;1;1;1
6;2;1;3;3;2;1;1
8;-2;1;1;4;4;4;4
5;3;3;3;3;3;2;3
8;-3;1;4;2;3;4;4
4;4;3;1;1;1;4;3
8;-4;1;4;4;3;3;1
3;5;1;1;1;1;1;1
8;-5;2;3;4;1;2;1
2;6;1;3;4;1;3;1
8;-6;2;2;1;3;3;1
1;7;4;2;1;2;3;4
8;-7;3;3;1;1;3;3
0;8;2;1;1;4;1;1
-1;8;4;7;7;2;2;2
-2;8;2;4;1;1;1;1
-3;8;1;1;4;4;6;4
-4;8;4;1;3;4;4;6
-5;8;4;4;1;3;1;3
-6;8;3;4;1;4;4;1
-7;8;4;4;4;4;2;4
-8;8;4;4;6;1;6;4
-8;7;4;6;4;4;2;4
-8;6;2;2;2;2;1;4
-8;5;1;1;6;1;1;6
-8;4;6;1;1;1;6;3
-8;3;1;6;7;7;1;6
-8;2;5;1;1;5;2;2
-8;1;7;7;7;7;1;7
-8;0;1;1;1;5;1;5
-7;-1;5;1;5;1;1;1
-6;-2;1;1;1;1;1;5
-5;-3;8;8;8;8;8;8
-4;-4;3;4;6;2;6;6
-2;-6;3;1;1;1;1;3
-1;-7;4;4;3;4;4;4
0;-8;2;4;4;2;2;4
1;-8;4;2;2;2;4;4
2;-8;1;4;2;4;1;1
3;-8;1;4;1;1;4;4
4;-8;1;5;5;1;1;1
5;-8;4;3;1;1;3;3
6;-8;1;1;3;4;3;4
7;-8;1;1;1;1;2;2
8;-8;3;3;1;1;3;3
9;0;1;2;2;1;2;2
8;1;2;1;1;1;2;2
9;-1;4;2;2;1;1;1
7;2;4;2;2;1;1;1
9;-2;4;1;1;1;4;4
6;3;2;3;1;3;3;2
9;-3;4;4;4;1;4;1
5;4;1;1;1;3;3;1
9;-4;4;4;4;1;4;4
4;5;1;1;1;1;1;1
9;-5;1;4;1;2;2;1
3;6;1;1;2;1;1;1
9;-6;2;2;1;2;1;1
2;7;2;3;2;4;3;2
9;-7;2;1;1;3;3;2
1;8;2;1;1;2;2;2
9;-8;3;3;3;3;3;3
0;9;1;5;1;5;1;1
-1;9;5;2;2;2;5;2
-2;9;2;4;1;4;4;1
-3;9;4;1;1;4;1;1
-4;9;4;4;1;1;1;4
-5;9;1;1;3;4;4;3
-6;9;4;4;1;4;4;1
-7;9;4;4;3;1;4;1
-8;9;1;1;1;1;4;4
-9;9;1;1;6;4;1;6
-9;8;1;1;1;1;1;4
-9;7;4;1;1;1;2;2
-9;6;2;2;3;3;6;6
-9;5;1;6;3;1;6;1
-9;4;7;6;3;1;7;7
-9;3;1;5;1;5;5;1
-9;2;7;7;2;2;2;7
-9;1;1;2;3;2;2;1
-9;0;5;2;4;5;5;5
-8;-1;1;1;5;1;1;5
-7;-2;1;1;5;1;4;5
-6;-3;5;1;5;4;2;2
-5;-4;2;1;2;2;1;1
-4;-5;2;6;1;1;6;1
-3;-6;1;2;1;1;1;2
-2;-7;4;1;2;3;2;4
-1;-8;2;4;4;5;5;1
0;-9;4;2;1;2;3;2
1;-9;4;4;4;4;1;1
2;-9;4;1;4;4;4;1
3;-9;1;4;1;4;3;4
4;-9;4;1;4;1;4;4
5;-9;4;3;1;4;1;4
6;-9;2;3;3;4;3;4
7;-9;1;2;4;2;2;2
8;-9;1;3;2;1;1;3
9;-9;1;3;3;1;1;1
10;0;1;2;1;1;2;1
9;1;2;1;1;2;2;1
10;-1;1;2;2;4;1;1
8;2;1;4;2;4;1;1
10;-2;1;1;1;4;4;1
7;3;6;1;6;2;2;2
10;-3;4;4;4;4;4;4
6;4;1;6;6;1;3;6
10;-4;4;4;2;4;4;4
5;5;6;1;3;1;1;6
10;-5;4;4;4;1;1;4
4;6;1;7;7;7;1;1
10;-6;4;1;1;1;1;4
3;7;7;2;2;2;7;7
10;-7;1;1;1;2;1;1
2;8;1;1;1;2;3;2
10;-8;3;1;2;3;3;1
1;9;1;1;1;1;1;1
10;-9;1;3;3;1;3;1
0;10;1;4;5;1;5;1
-1;10;7;7;7;2;2;1
-2;10;2;2;2;3;4;2
-3;10;3;1;1;1;1;1
-4;10;1;4;4;1;4;1
-5;10;1;1;1;4;1;1
-6;10;4;2;3;2;4;3
-7;10;2;2;4;1;4;4
-8;10;1;5;1;1;1;3
-9;10;1;2;2;2;1;1
-10;10;4;6;6;4;4;6
-10;9;4;4;4;1;4;1
-10;8;1;4;1;4;4;1
-10;7;1;4;1;4;3;3
-10;6;3;3;3;3;3;3
-10;5;1;3;3;1;3;3
-10;4;1;3;4;1;1;1
-10;3;5;1;5;1;2;2
-10;2;2;2;3;3;3;3
-10;1;2;3;3;1;1;4
-10;0;5;1;5;1;1;5
-9;-1;1;5;5;1;5;5
-8;-2;1;1;5;1;1;3
-7;-3;4;4;3;3;4;3
-6;-4;2;2;3;3;3;3
-5;-5;1;1;3;3;3;1
-4;-6;8;8;8;8;8;8
-3;-7;3;1;1;1;3;1
-2;-8;7;1;7;7;7;7
-1;-9;2;5;5;1;1;1
0;-10;2;3;1;3;3;2
1;-10;2;1;2;2;4;4
2;-10;4;4;1;2;4;4
3;-10;1;3;1;4;1;1
4;-10;3;4;4;1;4;4
5;-10;3;1;4;3;4;3
6;-10;4;3;4;3;1;4
7;-10;4;2;4;4;4;4
8;-10;1;1;2;4;4;1
9;-10;3;1;3;1;3;1
10;-10;1;3;1;3;1;3
11;0;7;7;7;1;1;7
10;1;2;1;1;2;2;1
11;-1;2;1;1;1;2;1
9;2;8;8;8;8;8;8
11;-2;1;2;1;1;1;2
8;3;1;6;1;6;4;1
11;-3;4;1;1;4;4;3
7;4;6;4;6;1;1;1
11;-4;3;4;4;4;4;1
6;5;8;8;8;8;8;8
11;-5;3;4;4;4;4;4
5;6;6;5;1;3;1;5
11;-6;4;4;4;4;4;4
4;7;5;5;1;1;5;1
11;-7;4;4;4;1;1;1
3;8;1;2;2;1;2;1
11;-8;1;1;1;3;1;1
2;9;2;2;2;1;1;2
11;-9;4;1;1;1;2;4
1;10;1;1;1;1;1;2
11;-10;1;2;1;1;2;2
0;11;1;1;5;5;4;1
-1;11;7;7;3;1;1;7
-2;11;7;7;7;2;2;7
-3;11;2;2;4;1;4;2
-4;11;1;1;1;1;4;1
-5;11;1;1;1;1;1;4
-6;11;2;1;2;3;2;1
-7;11;3;3;2;4;2;3
-8;11;4;5;4;4;5;4
-9;11;4;4;4;1;2;1
-10;11;1;1;1;2;6;2
-11;11;2;1;6;1;6;6
-11;10;4;6;4;6;4;4
-11;9;1;4;1;1;4;1
-11;8;4;4;2;2;1;1
-11;7;4;2;2;3;3;3
-11;6;3;3;3;3;3;3
-11;5;1;3;3;3;3;4
-11;4;1;3;5;1;5;5
-11;3;7;7;7;3;4;3
-11;2;3;4;3;3;3;3
-11;1;1;3;5;1;1;5
-11;0;1;1;1;1;4;4
-10;-1;1;1;4;3;4;1
-9;-2;1;5;1;1;1;1
-8;-3;3;5;1;1;5;3
-6;-5;3;3;3;2;4;3
-5;-6;1;3;3;4;2;3
-4;-7;1;1;3;1;3;3
-3;-8;1;3;3;4;3;3
-2;-9;7;7;3;1;3;3
-1;-10;3;1;3;2;3;1
0;-11;4;3;1;1;1;4
1;-11;4;4;2;4;4;4
2;-11;4;4;4;4;4;4
3;-11;1;1;4;4;4;1
4;-11;2;4;1;1;3;2
5;-11;3;3;4;2;3;3
6;-11;1;1;3;3;3;2
7;-11;2;4;4;1;4;2
8;-11;1;4;4;1;4;4
9;-11;3;3;1;1;2;1
10;-11;3;1;1;3;3;1
11;-11;2;2;3;3;2;2
12;0;3;3;2;1;3;1
11;1;1;1;1;2;1;2
12;-1;2;3;1;2;1;2
10;2;5;2;1;5;1;1
12;-2;1;1;1;1;1;1
9;3;1;6;4;1;6;1
12;-3;3;1;2;4;3;4
8;4;4;1;4;6;6;4
12;-4;3;3;3;3;2;4
7;5;6;1;1;6;4;4
12;-5;1;2;1;3;2;2
6;6;8;8;8;8;8;8
12;-6;1;2;4;4;4;4
5;7;7;1;7;7;7;7
12;-7;2;4;4;4;2;4
4;8;7;7;1;1;7;7
12;-8;4;2;1;7;7;7
3;9;1;1;2;2;2;1
12;-9;1;5;1;4;5;1
2;10;2;2;1;1;2;2
12;-10;2;7;7;7;1;2
1;11;1;2;3;1;1;1
12;-11;1;1;2;2;3;3
0;12;1;1;1;1;1;3
-1;12;1;1;1;1;7;7
-2;12;1;3;1;3;1;3
-3;12;3;1;1;1;2;1
-4;12;1;2;2;3;1;4
-5;12;3;3;2;1;1;1
-6;12;1;1;2;2;1;1
-7;12;2;2;1;2;3;2
-8;12;2;1;2;5;5;2
-9;12;5;1;5;5;4;4
-10;12;7;7;7;7;1;4
-11;12;1;1;1;2;1;1
-12;12;2;1;3;1;3;6
-12;11;1;3;4;1;4;4
-12;10;6;4;1;6;6;1
-12;9;1;6;6;6;3;2
-12;8;2;3;1;2;4;2
-12;7;3;4;3;4;3;3
-12;6;3;3;1;1;3;3
-12;5;3;3;5;2;2;5
-12;4;1;1;7;7;7;1
-12;3;3;5;5;4;4;3
-12;2;3;4;3;5;1;5
-12;1;7;7;7;7;7;7
-12;0;1;1;2;1;1;2
-11;-1;3;4;2;4;1;2
-10;-2;1;4;2;4;2;1
-9;-3;1;1;1;1;1;1
-8;-4;5;5;1;2;2;1
-6;-6;4;4;1;1;4;1
-5;-7;1;2;1;1;2;3
-4;-8;4;3;3;3;2;2
-3;-9;1;2;2;2;2;1
-2;-10;2;3;1;1;1;3
-1;-11;1;3;3;4;1;4
0;-12;4;1;4;1;1;4
1;-12;4;4;4;4;4;4
2;-12;1;4;4;4;1;4
3;-12;3;4;4;1;3;4
4;-12;3;3;1;3;1;3
5;-12;3;3;2;3;3;2
6;-12;3;3;3;3;3;3
7;-12;3;4;2;3;3;3
8;-12;3;4;2;3;1;3
9;-12;3;2;2;3;3;1
10;-12;2;3;1;3;3;1
11;-12;1;2;1;2;2;1
12;-12;1;3;2;1;1;3
13;0;2;2;3;3;2;1
12;1;1;1;1;1;3;3
13;-1;3;2;1;2;3;1
11;2;1;1;1;7;7;7
13;-2;1;3;2;1;1;1
10;3;1;1;1;1;2;1
13;-3;1;1;1;3;3;3
9;4;1;1;6;4;6;1
13;-4;3;3;4;3;3;1
8;5;1;1;1;6;1;6
13;-5;1;3;4;1;1;4
7;6;7;6;1;6;7;7
13;-6;1;1;2;1;1;2
6;7;3;1;5;5;1;1
13;-7;1;1;4;2;4;4
5;8;1;4;4;5;1;5
13;-8;4;4;4;4;4;4
4;9;1;3;1;1;1;4
13;-9;4;4;1;1;4;4
3;10;1;1;2;2;1;1
13;-10;4;4;1;2;2;2
2;11;2;2;2;1;2;2
13;-11;4;2;2;1;3;2
1;12;1;1;2;1;2;2
13;-12;3;3;3;1;4;3
0;13;2;2;2;1;1;2
-1;13;1;2;1;1;1;1
-2;13;1;1;1;1;3;1
-3;13;1;1;1;1;1;1
-4;13;1;2;3;3;2;1
-5;13;3;4;1;3;3;2
-6;13;3;2;4;1;1;2
-7;13;1;2;2;3;2;2
-8;13;3;2;2;2;1;1
-9;13;2;2;7;7;7;2
-10;13;5;4;4;5;1;5
-11;13;7;7;1;1;1;1
-12;13;1;1;1;3;1;1
-13;13;3;1;1;2;3;3
-13;12;1;4;1;1;1;4
-13;11;1;1;6;1;6;1
-13;10;6;6;1;1;6;6
-13;9;6;6;3;5;5;1
-13;7;4;4;2;4;7;7
-13;6;1;5;1;1;1;5
-13;5;2;1;4;5;1;5
-13;4;1;1;1;1;5;5
-13;3;4;5;5;1;3;4
-13;2;5;3;1;5;3;1
-13;1;1;2;2;2;1;2
-13;0;1;1;1;1;1;4
-12;-1;4;1;4;4;1;4
-11;-2;4;1;4;1;1;1
-10;-3;1;2;1;1;1;2
-9;-4;2;1;2;2;4;3
-8;-5;1;2;3;1;2;2
-7;-6;1;3;2;3;3;1
-6;-7;1;4;4;2;1;2
-5;-8;3;2;2;4;2;4
-4;-9;2;2;4;2;2;2
-3;-10;1;2;2;2;1;2
-2;-11;4;1;2;4;4;2
-1;-12;1;1;2;1;1;4
0;-13;4;1;4;1;3;1
1;-13;4;4;4;4;4;4
2;-13;4;1;4;4;1;4
3;-13;2;3;4;4;4;4
4;-13;1;1;4;2;1;2
5;-13;1;3;3;1;1;3
6;-13;3;3;2;1;1;4
7;-13;1;3;3;3;4;3
8;-13;2;1;3;1;1;2
9;-13;2;3;3;2;3;3
10;-13;1;3;1;3;3;1
11;-13;3;2;1;1;3;4
12;-13;1;1;1;3;4;3
13;-13;1;4;3;1;4;1
14;0;1;2;1;2;1;2
13;1;2;1;2;1;2;1
14;-1;1;1;1;3;1;3
12;2;1;4;4;1;1;2
14;-2;1;1;1;1;1;1
11;3;4;1;4;1;1;4
14;-3;1;1;1;1;3;1
14;-4;4;3;3;3;3;4
9;5;1;1;6;1;1;6
14;-5;1;3;1;1;4;1
8;6;8;8;8;8;8;8
14;-6;4;4;4;1;4;4
7;7;1;6;3;3;6;1
14;-7;2;4;2;1;2;2
6;8;1;1;2;1;1;3
14;-8;2;2;4;4;4;2
5;9;1;2;2;1;4;2
14;-9;4;4;4;4;4;4
4;10;3;1;1;1;3;2
14;-10;4;4;4;4;4;4
3;11;7;7;2;2;1;7
14;-11;4;4;2;4;2;4
2;12;2;2;3;1;2;2
14;-12;4;2;2;3;3;4
1;13;1;2;2;3;1;3
14;-13;2;3;3;1;3;3
0;14;2;4;4;4;2;2
-1;14;4;4;2;1;2;2
-2;14;1;2;1;1;1;1
-3;14;1;1;1;1;1;1
-4;14;7;2;2;1;2;7
-5;14;1;1;2;1;4;3
-6;14;1;1;1;2;2;1
-7;14;2;1;2;2;2;4
-8;14;2;3;2;4;2;2
-9;14;4;4;1;4;2;2
-10;14;4;1;1;4;4;1
-11;14;4;4;5;1;5;4
-12;14;7;7;7;7;7;7
-13;14;8;8;8;8;8;8
-14;14;6;1;1;6;2;1
-14;13;2;2;2;1;1;1
-14;12;1;1;6;1;1;6
-14;11;1;1;1;1;1;1
-14;10;1;1;3;1;3;3
-14;9;5;3;3;5;4;4
-14;8;2;4;1;1;1;2
-14;7;4;1;2;3;1;1
-14;6;7;7;7;7;7;4
-14;5;7;7;7;7;7;7
-14;4;1;5;1;1;4;5
-14;3;1;4;7;7;7;7
-14;2;5;1;3;5;2;2
-14;1;2;2;1;1;2;1
-14;0;1;2;1;2;2;1
-13;-1;4;1;1;1;1;1
-12;-2;1;1;1;1;1;1
-11;-3;1;1;1;2;2;2
-10;-4;2;1;2;2;1;2
-9;-5;1;4;2;2;1;2
-8;-6;3;2;2;3;3;3
-7;-7;2;3;3;3;3;2
-6;-8;4;1;2;1;1;2
-5;-9;2;2;3;3;1;3
-4;-10;2;2;3;2;2;3
-3;-11;4;1;3;2;2;4
-2;-12;1;4;4;3;3;4
-1;-13;1;1;4;1;1;2
0;-14;1;3;2;4;1;4
1;-14;1;4;1;1;2;4
2;-14;4;1;4;1;1;1
3;-14;1;4;4;4;1;1
4;-14;3;1;4;1;2;3
5;-14;1;1;2;3;1;1
6;-14;2;1;3;1;1;1
7;-14;3;4;4;2;2;3
8;-14;3;1;3;3;1;3
9;-14;3;3;2;7;7;7
10;-14;3;3;3;3;3;3
11;-14;4;3;1;3;3;1
12;-14;4;4;4;4;4;4
13;-14;2;4;3;4;4;1
14;-14;2;3;1;2;7;7
15;0;1;1;1;1;1;1
14;1;2;1;1;2;2;1
15;-1;1;1;2;1;1;1
13;2;1;1;3;1;1;1
15;-2;1;1;3;1;1;1
12;3;1;3;4;4;3;3
15;-3;1;1;1;1;1;1
11;4;4;4;2;1;1;4
15;-4;1;1;1;4;4;1
15;-5;1;4;4;1;1;1
10;5;4;3;3;1;4;2
9;6;3;3;1;6;1;3
15;-6;4;1;1;4;4;1
8;7;1;3;6;1;6;1
15;-7;1;4;4;2;1;4
7;8;3;6;6;1;6;6
15;-8;3;1;2;2;2;2
6;9;2;2;2;1;1;6
15;-9;1;2;2;4;4;1
5;10;1;2;2;3;2;2
15;-10;1;4;4;4;4;1
4;11;2;1;1;1;1;2
15;-11;3;4;4;4;3;3
3;12;1;1;2;2;1;1
15;-12;3;3;4;4;4;3
2;13;2;1;1;1;2;2
15;-13;4;4;4;2;2;4
1;14;1;2;2;2;2;1
15;-14;1;2;3;2;2;1
0;15;4;1;1;1;4;4
-1;15;1;1;1;1;4;4
-2;15;1;1;1;2;2;2
-3;15;2;2;1;2;1;1
-4;15;2;2;2;1;4;1
-5;15;1;2;1;2;1;2
-6;15;2;2;2;2;1;2
-7;15;2;2;3;1;1;1
-8;15;1;3;3;3;3;2
-9;15;3;1;3;3;4;2
-10;15;3;4;1;1;1;1
-11;15;1;4;4;1;4;1
-12;15;1;3;1;1;5;5
-13;15;1;1;5;1;1;5
-14;15;1;1;5;6;1;5
-15;15;6;1;6;4;1;1
-15;14;6;1;1;6;1;2
-15;13;1;1;6;1;1;6
-15;12;1;1;1;3;3;1
-15;11;1;3;5;5;3;3
-15;10;1;3;7;7;7;3
-15;9;8;8;8;8;8;8
-15;8;1;5;5;1;2;2
-15;7;3;2;7;7;7;3
-15;6;5;1;1;1;5;1
-15;5;5;5;1;1;5;1
-15;4;1;5;1;5;1;5
-15;3;2;1;1;1;3;3
-15;2;5;3;1;5;2;1
-15;1;1;2;1;1;1;1
-15;0;2;2;1;1;2;2
-14;-1;1;2;2;1;2;2
-13;-2;1;1;2;2;1;1
-12;-3;2;1;1;1;1;1
-11;-4;2;2;1;2;2;1
-10;-5;2;7;7;1;3;1
-9;-6;3;1;1;3;1;3
-8;-7;3;3;3;1;3;3
-7;-8;1;3;3;3;5;5
-6;-9;3;7;7;7;7;4
-5;-10;2;1;1;1;4;2
-4;-11;2;2;2;2;2;2
-3;-12;3;2;2;3;3;2
-2;-13;1;3;2;1;2;1
-1;-14;4;1;1;4;1;1
0;-15;3;1;1;1;1;1
1;-15;4;2;4;3;4;4
2;-15;4;1;4;4;3;3
3;-15;4;1;1;4;1;4
4;-15;4;2;1;4;4;4
5;-15;1;1;3;4;3;1
6;-15;2;1;1;1;1;2
7;-15;1;2;1;2;2;2
8;-15;1;1;3;1;1;1
9;-15;3;1;3;1;7;7
10;-15;1;3;1;3;1;3
11;-15;1;3;3;1;1;1
12;-15;2;4;1;1;1;1
13;-15;2;4;4;2;2;4
14;-15;4;1;1;2;2;4
15;-15;1;2;1;4;2;4
16;0;7;1;1;1;1;7
15;1;2;1;1;2;1;1
16;-1;1;1;1;1;1;1
14;2;4;1;1;1;1;1
16;-2;1;1;1;1;1;1
13;3;1;1;1;1;1;1
16;-3;1;1;1;1;2;1
12;4;2;3;3;4;3;1
16;-4;2;2;1;1;2;2
11;5;1;3;3;4;4;3
16;-5;4;2;1;1;4;2
16;-6;1;4;1;4;1;4
10;6;3;3;3;3;3;3
9;7;3;1;3;1;3;3
16;-7;3;1;1;1;3;1
8;8;3;1;1;3;3;3
16;-8;2;3;4;3;4;4
7;9;2;6;1;2;6;1
16;-9;2;4;2;1;1;2
6;10;2;1;2;1;2;1
16;-10;1;1;1;1;1;1
5;11;1;1;1;2;2;2
16;-11;2;1;1;3;4;3
4;12;2;2;3;1;1;1
16;-12;1;4;3;3;3;1
3;13;2;2;2;2;1;3
16;-13;3;3;3;4;4;4
2;14;2;2;2;1;1;2
16;-14;1;4;4;1;4;4
1;15;2;2;1;4;2;2
16;-15;1;4;1;1;1;1
0;16;1;2;2;1;1;1
-1;16;1;2;3;2;1;1
-2;16;2;2;1;1;1;1
-3;16;1;3;1;1;2;1
-4;16;1;1;2;2;2;1
-5;16;2;2;2;2;2;2
-6;16;2;1;2;2;2;1
-7;16;2;2;2;2;2;2
-8;16;2;1;1;1;3;3
-9;16;1;1;1;1;1;3
-10;16;1;1;1;1;4;3
-11;16;1;1;1;1;4;1
-12;16;1;3;3;1;3;4
-13;16;1;1;4;1;1;1
-14;16;7;7;7;7;7;7
-15;16;1;5;1;1;1;5
-16;16;1;1;6;1;1;6
-16;15;4;7;7;7;7;1
-16;14;6;1;6;6;1;6
-16;13;1;1;6;1;1;1
-16;12;3;1;5;2;4;5
-16;11;5;4;4;6;6;5
-16;10;1;6;6;4;1;6
-16;9;5;1;1;5;5;5
-16;8;1;5;1;5;1;1
-16;7;5;1;1;5;1;1
-16;6;1;1;5;1;5;1
-16;5;1;5;1;1;5;1
-16;4;7;7;7;7;1;1
-16;3;1;1;5;5;2;1
-16;2;5;2;5;2;1;1
-16;1;7;7;7;7;7;7
-16;0;1;7;7;7;7;2
-15;-1;1;2;2;1;2;2
-14;-2;2;2;2;1;2;2
-13;-3;1;1;2;2;1;2
-12;-4;2;1;2;2;1;1
-11;-5;1;2;1;1;1;3
-10;-6;3;3;3;1;3;3
-9;-7;1;1;3;3;1;1
-8;-8;3;3;1;1;1;1
-7;-9;5;5;1;1;5;1
-6;-10;1;5;1;1;5;3
-5;-11;2;4;3;3;1;3
-4;-12;3;2;3;1;2;3
-3;-13;1;3;3;1;2;2
-2;-14;4;2;2;2;4;4
-1;-15;1;1;4;4;1;4
0;-16;1;1;4;4;4;4
1;-16;1;4;1;1;4;4
2;-16;1;3;4;1;4;1
3;-16;1;1;3;1;1;1
4;-16;1;4;4;1;4;1
5;-16;1;3;4;1;1;1
6;-16;2;1;1;1;2;2
7;-16;2;2;2;2;1;1
8;-16;7;7;2;2;3;7
9;-16;5;5;1;1;5;1
10;-16;1;1;1;5;2;5
11;-16;3;1;3;1;1;3
12;-16;3;1;1;3;1;4
13;-16;3;2;1;3;1;1
14;-16;3;2;4;3;4;4
15;-16;1;2;4;2;1;2
16;-16;1;1;4;1;2;3
17;0;1;1;1;1;1;1
16;1;4;3;1;2;1;1
17;-1;1;1;5;1;1;5
15;2;1;3;3;4;1;1
17;-2;5;1;1;1;5;1
14;3;3;1;3;1;1;3
17;-3;7;7;7;1;1;7
13;4;1;3;3;2;1;3
17;-4;2;1;1;2;1;2
12;5;3;1;1;1;3;3
17;-5;1;1;2;4;1;1
11;6;1;1;1;3;3;1
17;-6;1;1;2;1;4;4
17;-7;2;4;4;3;2;3
10;7;7;7;7;3;3;7
9;8;1;1;1;3;1;1
17;-8;2;2;1;2;3;3
8;9;6;1;6;1;1;1
17;-9;1;3;4;2;1;1
7;10;8;8;8;8;8;8
17;-10;2;1;2;1;1;1
6;11;1;6;7;7;7;6
17;-11;1;1;1;2;3;2
5;12;5;1;5;1;1;1
17;-12;3;3;3;1;1;1
4;13;5;4;2;2;2;5
17;-13;1;1;1;3;4;2
3;14;2;2;2;2;2;2
17;-14;4;4;4;1;4;1
2;15;2;2;2;2;2;2
17;-15;1;4;4;1;1;1
1;16;4;3;2;1;2;2
17;-16;1;1;1;1;4;3
0;17;3;2;4;1;2;2
-1;17;1;1;1;1;2;2
-2;17;1;1;1;2;2;3
-3;17;2;2;1;1;3;1
-4;17;1;1;2;2;1;1
-5;17;2;2;2;2;2;2
-6;17;2;1;1;2;1;2
-7;17;2;2;2;2;2;2
-8;17;2;2;2;1;1;2
-9;17;1;1;1;1;1;1
-10;17;1;1;1;1;1;1
-11;17;1;1;1;1;1;1
-12;17;1;1;3;3;3;1
-13;17;3;1;1;1;1;3
-14;17;1;1;4;3;1;4
-15;17;3;3;3;1;5;5
-16;17;1;1;1;2;1;1
-17;17;2;1;2;2;1;6
-17;16;1;1;1;1;4;1
-17;15;1;4;4;6;1;6
-17;14;6;1;1;4;4;6
-17;13;1;4;4;5;1;5
-17;12;2;1;3;2;2;4
-17;11;6;2;2;2;6;6
-17;10;7;6;2;6;7;7
-17;9;5;1;1;5;5;1
-17;8;7;7;1;1;1;1
-17;7;7;1;7;7;7;7
-17;6;1;1;1;1;4;1
-17;5;7;4;7;7;7;7
-17;4;7;7;7;7;7;7
-17;3;7;1;7;7;7;7
-17;2;2;1;3;1;1;1
-17;1;1;1;4;4;1;1
-17;0;1;1;4;4;1;1
-16;-1;1;1;1;1;4;4
-15;-2;1;2;4;4;2;2
-14;-3;2;2;2;2;4;4
-13;-4;2;7;7;4;2;2
-12;-5;1;1;2;2;2;2
-11;-6;1;1;2;2;2;1
-10;-7;3;3;1;3;1;3
-9;-8;1;1;3;3;1;1
-8;-9;1;1;1;3;3;3
-7;-10;1;5;3;1;5;5
-6;-11;3;5;5;1;4;3
-5;-12;1;1;3;3;3;2
-4;-13;1;2;2;1;1;4
-3;-14;2;2;4;2;1;2
-2;-15;4;4;2;3;2;4
-1;-16;4;1;4;4;1;1
0;-17;2;4;1;2;1;2
1;-17;1;4;4;2;4;1
2;-17;2;4;4;1;2;4
3;-17;2;1;1;2;2;4
4;-17;1;4;1;2;4;4
5;-17;1;1;1;1;4;2
6;-17;1;2;1;1;2;2
7;-17;1;1;2;1;1;1
8;-17;1;3;1;1;3;1
9;-17;2;5;1;1;5;2
10;-17;1;2;1;2;2;2
11;-17;1;1;7;7;7;1
12;-17;3;1;3;1;3;1
13;-17;7;7;4;3;1;7
14;-17;4;4;1;1;4;4
15;-17;2;1;4;4;1;4
16;-17;4;2;2;2;4;4
17;-17;4;4;3;4;1;1
18;0;2;2;1;1;1;1
17;1;2;1;3;4;1;1
18;-1;2;1;1;1;4;1
16;2;2;3;3;1;3;3
18;-2;1;4;5;5;1;5
15;3;5;1;5;3;3;3
18;-3;7;7;1;1;1;7
14;4;1;1;7;7;7;7
18;-4;1;1;5;2;1;5
13;5;1;1;5;3;3;5
18;-5;1;1;2;1;3;1
12;6;7;7;7;7;7;7
18;-6;3;3;1;1;1;3
11;7;1;1;1;5;1;5
18;-7;2;1;4;2;1;1
18;-8;1;1;3;2;4;4
10;8;1;1;3;7;7;1
9;9;6;1;6;6;1;3
18;-9;2;4;3;1;1;1
8;10;1;1;3;3;1;6
18;-10;7;7;1;2;2;2
7;11;5;4;5;1;5;3
18;-11;2;2;1;1;3;4
6;12;8;8;8;8;8;8
18;-12;4;3;2;3;4;2
5;13;1;1;1;7;7;7
18;-13;4;4;7;7;1;1
4;14;4;4;1;2;4;1
18;-14;1;1;2;4;1;1
3;15;1;2;1;2;2;1
18;-15;1;1;1;1;1;1
2;16;1;1;1;4;2;1
18;-16;1;1;1;1;1;1
1;17;1;1;3;3;3;1
18;-17;2;1;1;4;1;2
0;18;1;1;6;6;2;3
-1;18;6;6;1;1;1;4
-2;18;1;3;1;1;1;1
-3;18;1;4;1;1;1;1
-4;18;7;7;7;7;1;1
-5;18;1;1;2;2;2;2
-6;18;2;2;2;4;1;2
-7;18;1;2;1;4;2;1
-8;18;4;2;4;4;2;2
-9;18;4;1;1;1;1;2
-10;18;7;7;7;7;7;1
-11;18;5;1;5;1;1;1
-12;18;1;1;1;1;1;1
-13;18;1;2;4;4;1;3
-14;18;4;3;4;3;1;1
-15;18;3;3;3;2;3;4
-16;18;2;1;1;1;1;3
-17;18;1;4;4;4;1;1
-18;18;4;7;7;7;7;2
-18;17;2;1;1;2;4;1
-18;16;1;4;4;6;6;4
-18;15;8;8;8;8;8;8
-18;14;4;1;4;4;4;4
-18;12;2;2;6;1;6;2
-18;11;2;6;1;1;6;2
-18;10;6;6;4;4;1;1
-18;9;7;7;7;7;7;7
-18;8;1;5;4;4;1;5
-18;7;5;1;3;2;5;1
-18;6;1;5;3;2;3;5
-18;5;1;3;1;5;2;5
-18;4;5;2;2;2;5;5
-18;3;7;7;7;3;2;3
-18;2;4;2;4;2;4;4
-18;1;4;4;4;4;4;4
-18;0;4;4;1;4;1;4
-17;-1;1;1;4;4;1;1
-16;-2;4;4;1;1;1;2
-15;-3;2;2;2;1;3;3
-14;-4;4;4;3;1;4;4
-13;-5;2;2;4;1;2;2
-12;-6;2;2;2;2;2;2
-11;-7;3;2;2;3;2;1
-10;-8;3;1;1;1;3;3
-9;-9;3;1;3;3;3;3
-8;-10;7;3;3;1;7;7
-7;-11;1;5;1;5;3;3
-6;-12;3;4;3;4;3;2
-5;-13;1;3;2;4;3;3
-4;-14;2;1;3;1;1;3
-3;-15;3;1;3;3;3;1
-2;-16;4;2;1;1;1;1
-1;-17;2;1;1;3;3;2
0;-18;2;1;2;2;1;1
1;-18;2;4;2;2;2;4
2;-18;2;2;1;2;3;2
3;-18;1;2;4;2;1;2
4;-18;3;4;4;1;1;3
5;-18;1;4;4;3;1;4
6;-18;4;2;2;1;2;3
7;-18;1;1;2;1;4;1
8;-18;1;3;1;1;5;5
9;-18;2;5;1;1;5;2
10;-18;2;2;2;2;2;1
11;-18;1;5;2;2;5;1
12;-18;1;3;1;1;3;1
13;-18;1;1;1;1;1;1
14;-18;1;4;1;1;1;1
15;-18;1;1;4;1;1;1
16;-18;4;4;4;1;4;1
17;-18;4;1;4;4;1;4
18;-18;4;1;1;4;4;4
19;0;1;5;5;2;2;5
18;1;1;5;5;2;2;5
19;-1;1;2;1;2;2;1
17;2;1;1;1;2;7;7
19;-2;1;2;1;1;1;3
16;3;3;3;7;7;3;1
19;-3;8;8;8;8;8;8
15;4;7;1;1;1;1;7
19;-4;1;5;1;1;5;1
14;5;7;7;7;1;1;1
19;-5;8;8;8;8;8;8
13;6;1;1;5;5;1;5
19;-6;1;1;1;3;3;3
12;7;5;1;5;1;5;5
19;-7;3;3;3;1;1;1
11;8;8;8;8;8;8;8
19;-8;3;1;1;1;3;1
19;-9;2;3;4;2;4;3
10;9;6;1;1;6;1;6
9;10;1;3;1;1;1;1
19;-10;1;4;1;1;4;4
8;11;1;3;7;7;7;7
19;-11;4;4;2;2;1;2
7;12;1;4;3;5;4;5
19;-12;4;1;4;4;3;2
6;13;6;3;3;1;6;3
19;-13;4;3;2;4;3;3
5;14;3;3;3;4;1;3
19;-14;1;3;1;1;3;1
4;15;2;2;2;1;4;3
19;-15;3;3;1;1;3;3
3;16;2;2;2;1;2;2
19;-16;1;3;1;1;1;2
2;17;2;1;2;1;1;2
19;-17;2;1;1;2;2;1
1;18;1;1;1;1;1;2
19;-18;2;2;2;4;2;4
0;19;1;1;1;1;1;1
-1;19;8;8;8;8;8;8
-2;19;6;3;1;1;3;1
-3;19;1;1;4;1;4;1
-4;19;1;3;1;1;1;1
-5;19;1;1;3;1;1;1
-6;19;1;7;7;7;2;2
-7;19;1;1;1;1;2;2
-8;19;1;1;1;1;2;1
-9;19;1;1;1;1;1;4
-10;19;1;1;5;1;5;1
-11;19;1;5;1;5;1;5
-12;19;7;7;7;7;7;7
-13;19;1;1;1;3;2;1
-14;19;3;1;3;1;3;4
-15;19;1;4;4;4;3;4
-16;19;4;2;3;2;1;3
-17;19;2;4;3;4;4;1
-18;19;4;4;1;4;1;4
-19;19;4;3;3;3;1;1
-19;18;1;1;1;2;1;1
-19;17;2;1;1;2;3;4
-19;16;6;3;3;6;4;1
-19;15;4;4;6;1;6;4
-19;14;4;6;6;1;4;1
-19;13;4;4;1;6;1;6
-19;12;1;1;3;2;3;1
-19;11;1;3;1;1;2;4
-19;10;8;8;8;8;8;8
-19;9;1;1;6;2;6;4
-19;8;4;6;2;6;2;3
-19;7;2;2;1;1;2;3
-19;6;2;2;1;2;1;1
-19;5;5;1;5;2;5;2
-19;4;2;7;7;7;7;7
-19;3;3;1;3;1;3;4
-19;2;2;3;4;4;4;4
-19;1;4;4;1;1;4;1
-19;0;4;4;1;1;4;4
-18;-1;4;1;4;4;4;1
-17;-2;1;1;1;4;4;1
-16;-3;1;1;1;4;4;4
-15;-4;1;3;4;4;4;4
-14;-5;1;4;4;1;4;4
-13;-6;2;2;4;4;2;1
-12;-7;3;2;1;1;1;1
-11;-8;1;2;1;2;2;1
-10;-9;3;3;1;1;4;3
-9;-10;1;3;2;2;3;2
-8;-11;5;5;2;2;5;1
-7;-12;4;3;1;1;1;4
-6;-13;4;3;4;1;4;1
-5;-14;1;3;1;3;3;1
-4;-15;3;1;1;1;1;4
-3;-16;1;3;4;1;3;3
-2;-17;3;1;3;3;1;3
-1;-18;2;3;3;3;3;4
0;-19;2;1;4;3;4;3
1;-19;4;2;1;2;2;1
2;-19;3;3;4;4;1;4
3;-19;2;1;2;3;2;4
4;-19;1;1;2;2;1;1
5;-19;1;1;3;1;3;1
6;-19;4;1;4;1;2;1
7;-19;4;4;3;4;1;4
8;-19;1;5;1;4;4;5
9;-19;3;5;5;1;5;5
10;-19;1;2;2;3;2;2
11;-19;7;7;1;1;1;1
12;-19;5;3;1;5;1;1
13;-19;5;1;1;5;1;5
14;-19;7;7;7;7;7;7
15;-19;1;1;1;5;5;1
16;-19;1;4;1;1;1;1
17;-19;4;1;1;1;1;1
18;-19;4;4;4;4;4;2
19;-19;4;2;4;4;2;4
20;0;7;7;1;1;7;7
19;1;7;1;7;7;7;7
20;-1;1;5;5;1;1;1
18;2;7;1;1;1;7;7
20;-2;1;1;1;1;3;1
17;3;6;3;3;3;1;1
20;-3;1;3;3;5;1;5
16;4;3;5;1;5;3;3
20;-4;1;1;1;1;1;4
15;5;6;1;6;1;1;1
20;-5;5;1;1;6;5;1
14;6;6;6;6;1;1;6
20;-6;1;7;7;7;7;7
13;7;8;8;8;8;8;8
20;-7;5;5;3;3;1;3
12;8;4;4;1;6;1;6
20;-8;7;7;7;3;7;7
11;9;1;1;1;6;6;1
20;-9;4;7;7;4;1;3
20;-10;3;1;3;1;3;4
10;10;3;3;3;1;1;1
9;11;3;1;3;1;3;3
20;-11;3;3;4;4;3;2
8;12;3;3;3;1;3;3
20;-12;3;3;2;4;2;1
7;13;4;6;1;6;2;3
20;-13;1;2;2;4;4;2
6;14;3;3;1;3;3;1
20;-14;1;4;3;1;1;1
5;15;3;1;3;1;3;1
20;-15;3;1;1;3;1;1
4;16;3;3;2;2;2;3
20;-16;4;1;3;1;4;2
3;17;1;1;2;2;2;2
20;-17;2;4;2;2;2;1
2;18;2;2;1;1;1;2
20;-18;2;2;1;2;4;2
1;19;2;2;1;1;1;1
20;-19;4;4;4;4;4;4
0;20;2;2;1;2;1;1
-1;20;2;1;1;4;1;1
-2;20;4;1;6;1;3;6
-3;20;1;1;1;1;1;1
-4;20;1;4;1;1;3;4
-5;20;1;1;1;1;1;1
-6;20;1;1;3;3;1;3
-7;20;3;3;7;7;7;1
-8;20;5;3;5;1;1;1
-9;20;1;1;1;1;1;1
-10;20;7;7;7;7;7;7
-11;20;1;1;4;1;5;5
-12;20;1;7;7;7;1;1
-13;20;1;1;3;4;1;1
-14;20;4;1;4;4;1;1
-15;20;4;2;2;3;4;4
-16;20;3;2;1;1;2;4
-17;20;1;3;1;3;1;3
-18;20;3;5;5;4;4;3
-19;20;4;4;1;4;3;1
-20;20;4;4;1;2;3;3
-20;19;3;3;4;3;2;1
-20;18;2;2;3;2;2;1
-20;17;2;2;2;2;2;3
-20;16;6;2;2;6;6;6
-20;15;1;6;1;6;3;6
-20;14;1;3;1;1;7;7
-20;13;6;1;3;6;2;3
-20;12;2;1;6;1;6;1
-20;11;8;8;8;8;8;8
-20;10;6;5;1;5;1;6
-20;9;2;1;7;7;3;2
-20;8;6;3;6;3;3;1
-20;7;1;3;2;1;2;1
-20;6;2;2;2;7;7;7
-20;5;2;1;1;1;1;1
-20;4;1;1;3;3;1;3
-20;3;1;1;4;4;4;4
-20;2;4;4;4;1;1;1
-20;1;1;1;3;4;4;1
-20;0;1;4;1;4;1;4
-19;-1;4;4;4;4;4;4
-18;-2;4;4;4;4;4;4
-17;-3;4;4;4;3;4;4
-16;-4;4;4;4;4;3;4
-15;-5;1;4;4;1;4;1
-14;-6;4;4;1;4;3;2
-13;-7;1;2;2;2;1;1
-12;-8;2;1;1;1;1;2
-11;-9;1;2;2;2;1;1
-10;-10;2;4;1;4;2;1
-9;-11;2;3;1;1;1;1
-8;-12;1;7;7;7;7;7
-7;-13;1;1;1;3;3;3
-6;-14;3;4;3;3;3;3
-5;-15;1;3;3;4;2;3
-4;-16;1;1;3;2;4;4
-3;-17;3;3;4;3;3;3
-2;-18;3;1;3;1;1;3
-1;-19;3;3;3;1;1;3
0;-20;1;4;3;4;4;1
1;-20;1;2;3;1;1;3
2;-20;1;1;1;1;1;1
3;-20;1;2;4;1;1;1
4;-20;1;1;4;1;1;1
5;-20;7;3;1;1;3;7
6;-20;5;2;1;5;4;1
7;-20;5;1;1;5;3;1
8;-20;5;4;4;5;3;3
9;-20;1;7;7;7;7;1
10;-20;2;2;7;7;7;2
11;-20;3;1;2;2;3;1
12;-20;1;1;1;3;3;3
13;-20;1;1;1;1;1;1
14;-20;4;5;5;1;1;4
15;-20;2;5;5;4;1;2
16;-20;2;1;1;2;1;3
17;-20;2;1;1;2;1;2
18;-20;2;4;1;2;2;2
19;-20;2;2;2;2;3;1
20;-20;4;4;4;2;3;4
21;0;2;3;5;5;3;3
20;1;7;7;7;7;7;7
21;-1;3;3;5;1;5;1
19;2;1;1;1;5;1;5
21;-2;1;5;1;1;5;2
18;3;1;6;1;6;1;1
21;-3;2;5;1;1;5;1
17;4;3;1;1;3;3;1
21;-4;7;7;7;7;7;7
16;5;6;1;6;6;7;7
21;-5;1;5;4;5;5;1
15;6;1;1;1;6;1;6
21;-6;1;5;1;1;5;5
14;7;8;8;8;8;8;8
21;-7;7;7;7;7;7;7
13;8;1;2;3;2;1;1
21;-8;1;5;3;5;1;5
12;9;3;3;1;1;4;3
21;-9;4;1;1;4;2;2
11;10;1;3;3;3;1;1
21;-10;2;2;3;3;3;2
21;-11;3;3;4;3;2;3
10;11;3;3;3;3;3;3
9;12;3;1;3;3;1;3
21;-12;2;2;2;3;3;3
8;13;3;4;1;4;3;3
21;-13;4;3;1;1;4;3
7;14;3;2;4;3;6;1
21;-14;2;4;2;1;2;1
6;15;1;1;1;3;3;1
21;-15;1;2;1;3;2;4
5;16;3;3;3;3;1;1
21;-16;4;2;1;4;2;2
4;17;3;3;4;1;3;3
21;-17;3;2;2;2;1;1
3;18;1;1;4;2;4;4
21;-18;1;1;1;2;2;1
2;19;2;2;1;2;2;4
21;-19;3;2;2;4;4;3
1;20;1;1;2;2;2;1
21;-20;3;4;4;4;4;2
0;21;1;4;4;2;2;2
-1;21;2;1;1;1;1;1
-2;21;1;6;2;6;1;1
-3;21;6;1;1;1;1;6
-4;21;1;6;1;6;4;1
-5;21;6;6;6;6;1;1
-6;21;6;1;6;1;1;1
-7;21;1;3;1;1;3;3
-8;21;1;1;3;3;3;1
-9;21;3;5;1;1;1;5
-10;21;1;3;1;1;1;1
-11;21;8;8;8;8;8;8
-12;21;1;1;4;4;1;4
-13;21;4;2;1;7;7;1
-14;21;1;1;3;3;1;3
-15;21;3;1;3;2;2;4
-16;21;2;3;4;4;2;2
-17;21;4;1;1;1;1;1
-18;21;7;1;2;1;7;7
-19;21;7;2;4;1;4;7
-20;21;1;4;1;1;4;1
-21;21;1;1;1;1;3;1
-21;20;2;3;5;5;4;4
-21;19;3;4;1;4;2;3
-21;18;2;2;4;1;2;2
-21;17;2;2;2;2;2;2
-21;16;6;2;2;1;6;1
-21;15;6;6;6;1;1;1
-21;14;1;1;1;2;3;3
-21;13;6;3;6;6;6;6
-21;12;8;8;8;8;8;8
-21;11;6;6;1;1;6;1
-21;10;5;6;6;5;1;1
-21;9;1;1;1;2;6;6
-21;8;2;6;2;6;2;2
-21;7;1;2;1;1;1;2
-21;6;5;1;1;5;1;1
-21;5;7;7;7;3;4;3
-21;4;3;4;1;2;4;4
-21;3;4;4;2;3;4;4
-21;2;1;4;1;1;1;3
-21;1;4;1;1;1;1;1
-21;0;4;1;4;4;3;1
-20;-1;4;1;1;4;4;1
-19;-2;4;4;1;4;2;4
-18;-3;3;4;4;1;4;4
-17;-4;4;4;4;4;1;2
-16;-5;1;3;2;3;1;3
-15;-6;4;4;3;3;2;2
-14;-7;2;2;2;2;2;2
-13;-8;1;1;2;2;2;1
-12;-9;2;1;1;2;2;2
-11;-10;4;1;2;2;2;1
-10;-11;1;2;1;1;1;1
-9;-12;1;4;1;1;3;4
-8;-13;3;1;4;4;2;4
-7;-14;3;3;4;1;4;3
-6;-15;4;3;3;3;3;1
-5;-16;2;2;1;2;2;1
-4;-17;3;4;1;3;2;3
-3;-18;1;3;3;4;3;3
-2;-19;1;1;3;1;1;4
-1;-20;4;1;4;1;4;4
0;-21;3;4;4;4;3;2
1;-21;1;1;1;3;1;1
2;-21;1;1;3;1;3;3
3;-21;1;1;1;1;1;1
4;-21;3;1;1;1;1;1
5;-21;4;3;1;3;3;1
6;-21;1;4;5;4;1;5
7;-21;3;3;1;1;1;3
8;-21;3;3;1;3;1;1
9;-21;7;7;3;3;7;7
10;-21;1;5;1;5;1;5
11;-21;5;3;2;1;5;1
12;-21;2;3;7;7;7;7
13;-21;1;1;3;2;7;7
14;-21;1;1;1;1;1;1
15;-21;2;1;4;1;2;1
16;-21;4;1;2;2;3;3
17;-21;4;1;3;4;1;4
18;-21;4;2;2;4;2;4
19;-21;1;3;2;4;3;2
20;-21;1;3;1;1;1;1
21;-21;2;4;4;1;1;1
22;0;3;2;4;2;4;2
21;1;1;1;4;1;3;4
22;-1;3;4;3;3;3;3
20;2;1;4;4;1;1;4
19;3;5;1;5;1;1;4
22;-3;4;2;2;2;4;1
18;4;5;1;6;4;6;5
22;-4;4;4;1;1;4;4
17;5;8;8;8;8;8;8
22;-5;1;4;1;1;1;1
16;6;5;1;5;1;1;5
22;-6;1;1;1;1;4;1
15;7;7;2;2;7;7;7
22;-7;5;4;5;1;5;1
14;8;1;1;3;1;1;2
22;-8;1;5;1;1;5;2
13;9;1;1;1;3;2;3
22;-9;7;7;7;4;1;1
12;10;3;1;3;1;3;1
22;-10;7;7;2;2;2;7
11;11;3;3;3;3;3;3
22;-11;1;2;2;3;1;2
22;-12;2;1;3;2;2;2
10;12;3;3;3;3;3;3
9;13;3;1;3;3;1;3
22;-13;1;2;3;4;1;4
8;14;3;2;3;3;4;3
22;-14;1;1;3;2;1;1
7;15;4;3;3;1;3;3
22;-15;1;1;1;1;1;1
6;16;3;3;1;3;1;3
22;-16;4;1;4;4;1;1
5;17;3;1;1;3;3;1
22;-17;7;7;2;3;7;7
4;18;1;2;2;1;3;1
22;-18;1;1;1;1;1;1
3;19;2;1;1;2;1;2
22;-19;3;1;1;3;1;3
2;20;2;1;1;1;2;1
22;-20;1;1;3;3;1;3
1;21;4;4;2;1;1;1
22;-21;3;1;2;2;3;4
0;22;4;4;4;1;4;2
-1;22;1;1;1;1;1;4
-2;22;8;8;8;8;8;8
-3;22;6;6;1;1;1;2
-4;22;1;6;1;1;6;1
-5;22;8;8;8;8;8;8
-6;22;1;6;7;7;1;6
-7;22;1;6;6;6;3;6
-8;22;6;1;7;7;7;1
-9;22;1;7;7;7;7;3
-10;22;7;7;7;1;3;7
-11;22;1;1;6;4;6;1
-12;22;4;1;2;2;1;1
-13;22;2;3;2;3;2;4
-14;22;3;1;3;3;1;1
-15;22;3;4;3;3;1;3
-16;22;3;3;3;3;3;3
-17;22;3;3;4;4;1;4
-18;22;4;1;1;1;1;1
-19;22;1;1;1;1;2;2
-20;22;1;4;4;1;4;4
-21;22;7;7;2;7;7;7
-22;22;5;4;1;5;5;1
-22;21;1;5;1;1;1;5
-22;20;1;7;7;1;7;7
-22;19;4;5;1;5;5;4
-22;18;4;7;7;7;7;2
-22;17;2;1;2;1;1;2
-22;16;1;1;6;2;1;6
-22;15;1;1;2;1;1;2
-22;14;2;1;6;1;1;6
-22;13;6;1;1;1;4;6
-22;12;6;4;6;1;1;1
-22;11;1;1;1;6;4;6
-22;10;5;4;5;1;2;3
-22;9;2;2;5;5;2;2
-22;7;7;7;1;1;1;1
-22;6;7;7;7;7;7;7
-22;5;3;1;1;1;1;1
-22;4;2;1;2;4;1;2
-22;3;3;1;3;1;3;1
-22;2;1;3;3;1;1;1
-22;1;1;1;1;1;4;4
-22;0;4;4;4;1;2;2
-21;-1;4;3;2;4;3;4
-20;-2;4;4;4;2;4;1
-19;-3;1;2;1;2;1;2
-18;-4;4;4;2;2;4;1
-17;-5;3;1;1;1;1;1
-16;-6;3;1;1;3;1;3
-15;-7;2;2;3;3;1;1
-14;-8;2;2;1;1;2;1
-13;-9;2;2;1;1;1;2
-12;-10;2;2;2;2;4;4
-11;-11;1;2;4;4;2;2
-10;-12;1;1;2;2;2;2
-9;-13;4;3;2;1;1;1
-8;-14;1;2;1;2;2;3
-7;-15;3;4;3;3;3;1
-6;-16;2;3;1;2;2;2
-5;-17;3;2;2;2;2;4
-4;-18;4;2;4;4;4;1
-3;-19;1;3;1;1;3;1
-2;-20;1;1;1;1;3;3
-1;-21;4;4;3;4;4;3
0;-22;1;3;3;1;1;3
1;-22;1;1;2;1;1;1
2;-22;1;3;1;1;1;1
3;-22;1;1;3;1;1;1
4;-22;1;1;1;1;1;1
5;-22;1;3;1;1;1;1
6;-22;1;1;1;1;1;4
7;-22;3;7;7;7;7;1
8;-22;5;1;3;3;5;1
9;-22;1;5;1;5;3;3
10;-22;1;1;1;1;3;3
11;-22;7;7;7;7;7;7
12;-22;7;7;7;7;7;7
13;-22;7;7;7;7;7;7
14;-22;7;7;7;7;1;7
15;-22;3;2;1;1;1;1
16;-22;3;3;1;3;3;1
17;-22;4;1;3;3;1;4
18;-22;1;2;4;4;4;4
19;-22;3;3;4;1;1;1
20;-22;1;1;2;3;1;2
21;-22;1;1;1;1;1;1
22;-22;3;3;1;1;3;1
23;0;1;3;2;3;2;3
22;1;1;3;1;1;2;2
23;-1;1;2;2;3;2;2
21;2;1;1;4;1;1;1
23;-2;2;2;3;3;2;1
20;3;4;1;5;5;4;4
19;4;4;4;1;7;7;7
23;-3;7;2;1;4;7;7
23;-4;1;5;1;4;4;5
18;5;4;5;5;5;1;1
23;-5;1;4;4;1;4;4
17;6;7;7;7;7;7;7
23;-6;1;4;1;1;1;4
16;7;3;1;5;5;1;5
23;-7;7;7;7;7;7;7
15;8;7;7;7;7;7;7
23;-8;7;7;7;7;7;7
14;9;1;3;3;1;1;1
23;-9;1;1;2;1;1;4
13;10;3;3;3;3;1;3
23;-10;4;1;1;1;1;1
12;11;2;2;2;3;1;3
23;-11;1;1;5;1;1;5
11;12;2;2;3;3;3;2
23;-12;7;7;2;2;7;7
23;-13;5;1;2;1;1;5
10;13;3;3;3;3;3;3
9;14;3;3;1;3;1;3
23;-14;3;1;4;1;4;2
8;15;1;1;2;4;2;1
23;-15;4;4;1;1;4;1
7;16;2;4;1;3;3;2
23;-16;1;4;1;4;4;1
6;17;7;7;1;3;3;1
23;-17;1;4;1;1;3;4
5;18;1;2;2;1;1;1
4;19;2;2;2;2;2;2
23;-19;1;4;1;3;3;4
3;20;2;2;1;2;1;2
23;-20;1;3;3;1;4;1
2;21;4;4;4;4;1;3
23;-21;1;4;3;3;3;1
1;22;4;4;4;4;4;4
23;-22;4;3;4;3;1;3
0;23;4;4;4;4;4;4
-1;23;4;1;1;1;1;4
-2;23;1;5;1;1;5;1
-3;23;1;1;6;6;6;6
-4;23;8;8;8;8;8;8
-5;23;6;1;1;2;6;1
-6;23;2;4;1;6;6;6
-7;23;6;3;6;3;6;1
-8;23;1;6;1;6;1;6
-9;23;6;1;6;1;1;1
-10;23;1;5;1;1;1;5
-11;23;8;8;8;8;8;8
-12;23;6;6;6;3;1;6
-13;23;3;3;3;1;3;2
-14;23;7;7;1;2;7;7
-15;23;2;3;4;3;4;3
-16;23;3;3;3;3;3;3
-17;23;3;3;3;3;3;3
-18;23;3;3;3;4;1;4
-19;23;4;1;3;4;1;1
-20;23;4;3;3;4;4;1
-21;23;4;3;4;4;1;4
-22;23;4;4;1;1;4;2
-23;23;1;5;1;5;1;1
-23;22;5;1;1;5;1;1
-23;21;1;7;7;7;1;1
-23;20;7;7;7;7;7;7
-23;19;7;7;2;4;7;7
-23;18;5;5;6;1;6;2
-23;17;3;6;6;2;1;6
-23;16;2;7;7;2;1;2
-23;15;1;1;1;6;1;6
-23;14;1;1;4;4;6;1
-23;13;1;6;4;6;6;6
-23;12;1;6;1;1;6;1
-23;11;8;8;8;8;8;8
-23;10;1;5;2;2;2;5
-23;9;5;2;5;3;3;3
-23;8;3;3;5;5;1;1
-23;7;1;1;5;1;1;5
-23;6;7;7;4;4;7;7
-23;5;1;5;1;5;2;2
-23;4;4;2;2;1;2;3
-23;3;1;2;3;3;1;3
-23;2;1;1;1;1;1;1
-23;1;1;1;4;4;3;4
-23;0;1;3;3;1;3;3
-22;-1;4;2;3;2;2;4
-21;-2;2;3;4;2;4;4
-20;-3;2;4;4;4;4;4
-19;-4;2;1;4;2;1;2
-18;-5;1;4;2;3;2;2
-17;-6;3;1;2;1;1;2
-16;-7;3;1;2;1;2;2
-15;-8;1;1;2;2;2;2
-14;-9;1;2;2;2;2;1
-13;-10;2;1;1;2;2;1
-12;-11;4;4;1;1;1;1
-11;-12;2;2;1;2;1;1
-10;-13;1;2;1;1;1;1
-9;-14;2;1;1;1;2;1
-8;-15;3;2;1;1;1;1
-7;-16;2;3;1;2;2;3
-6;-17;2;2;3;4;4;3
-5;-18;4;2;3;3;3;3
-3;-20;1;3;3;3;3;1
-2;-21;4;3;1;1;1;1
-1;-22;1;4;1;4;1;1
5;-23;1;1;1;7;7;7
6;-23;4;1;1;1;1;1
7;-23;5;5;4;4;1;4
8;-23;3;5;1;5;4;2
9;-23;4;3;1;3;3;1
10;-23;3;3;3;4;3;1
11;-23;4;5;3;3;5;4
12;-23;5;5;5;4;4;4
13;-23;1;5;1;5;1;4
14;-23;1;1;1;1;1;3
15;-23;3;1;1;1;3;3
16;-23;3;3;1;3;3;4
17;-23;3;1;1;3;1;1
18;-23;3;4;4;3;2;3
19;-23;1;1;4;3;1;4
20;-23;2;1;1;1;2;2
21;-23;1;1;2;2;2;1
22;-23;3;3;1;1;1;1
23;-23;1;1;1;3;3;1
24;-1;1;1;3;1;1;1
22;2;4;4;1;1;3;2
24;-2;1;1;2;2;1;1
21;3;3;1;4;4;1;1
24;-3;7;7;7;7;7;7
20;4;4;1;4;4;1;4
19;5;4;1;2;4;4;4
24;-4;1;1;5;1;4;5
24;-5;4;4;5;1;5;1
18;6;1;2;2;7;7;2
24;-6;1;5;4;1;5;4
17;7;1;5;1;3;5;2
24;-7;5;5;4;5;5;4
16;8;1;1;3;7;7;7
24;-8;5;5;1;5;3;3
15;9;3;1;3;1;1;3
24;-9;3;3;5;1;5;1
14;10;3;3;3;3;3;3
24;-10;3;5;4;4;5;3
13;11;2;3;3;2;3;3
24;-11;3;5;1;1;5;1
12;12;3;1;2;2;2;3
24;-12;7;7;7;1;1;1
11;13;3;3;4;3;2;4
24;-13;8;8;8;8;8;8
24;-14;5;1;5;3;2;2
10;14;3;3;3;3;3;4
9;15;1;1;1;1;3;3
24;-15;4;2;2;4;4;1
8;16;1;1;1;2;1;1
24;-16;3;4;1;1;1;1
7;17;4;4;1;1;4;1
24;-17;1;1;1;7;7;7
6;18;2;2;1;1;1;1
24;-18;3;5;4;5;5;5
5;19;2;1;2;2;2;1
4;20;2;4;4;2;2;2
24;-19;7;7;7;7;7;7
24;-20;1;1;4;1;1;1
3;21;4;4;1;4;2;4
24;-21;1;1;1;1;1;1
2;22;4;7;7;4;4;1
24;-22;1;1;1;4;3;2
1;23;4;4;1;4;4;1
24;-23;3;3;3;1;1;1
0;24;1;4;1;4;4;1
-1;24;4;1;1;4;1;4
-2;24;4;5;3;4;5;1
-3;24;4;1;4;1;1;1
-4;24;1;6;4;6;1;6
-5;24;6;1;6;1;1;6
-6;24;1;3;4;1;4;1
-7;24;1;3;1;1;3;1
-8;24;1;1;6;6;6;6
-9;24;6;1;1;6;1;1
-10;24;8;8;8;8;8;8
-11;24;5;2;2;1;5;1
-12;24;1;1;6;1;6;1
-13;24;1;1;6;4;3;6
-14;24;4;1;3;3;1;3
-15;24;3;3;2;1;3;1
-16;24;1;3;3;3;3;4
-17;24;3;3;3;3;3;3
-18;24;3;3;1;3;3;3
-19;24;3;3;3;3;1;3
-20;24;3;3;3;3;3;3
-21;24;3;3;3;3;3;3
-22;24;3;3;4;1;4;4
-23;24;7;7;7;7;7;7
-24;24;5;3;2;5;1;1
-24;23;7;7;7;7;7;7
-24;22;5;1;1;5;1;1
-24;21;1;1;5;1;1;5
-24;20;1;1;1;2;4;2
-24;19;4;4;4;1;6;6
-24;18;1;6;1;2;2;6
-24;17;2;2;3;3;2;1
-24;16;2;2;4;1;4;1
-24;15;6;4;3;2;6;4
-24;14;3;6;6;2;1;4
-24;13;8;8;8;8;8;8
-24;12;1;6;6;4;1;6
-24;11;1;7;7;1;2;2
-24;10;2;2;1;2;7;7
-24;9;3;5;2;5;5;5
-24;8;8;8;8;8;8;8
-24;7;1;1;1;1;3;4
-24;6;4;3;1;1;1;1
-24;5;7;7;7;2;2;2
-24;4;1;2;1;3;1;3
-24;3;3;1;3;1;1;1
-24;2;1;1;2;1;1;4
-24;1;4;1;3;1;1;3
-24;0;1;1;1;1;1;4
-23;-1;2;3;4;1;2;1
-22;-2;2;2;1;3;2;4
-21;-3;4;4;4;4;4;4
-20;-4;2;4;4;4;4;1
-19;-5;3;1;1;1;1;1
-18;-6;1;2;1;1;1;1
-17;-7;1;1;1;3;1;3
-16;-8;2;2;3;3;1;2
-15;-9;2;2;2;2;2;2
-14;-10;2;2;2;2;1;1
-13;-11;1;2;1;1;2;2
-12;-12;2;1;2;2;1;2
-11;-13;1;1;2;2;2;1
-10;-14;1;1;1;2;2;1
-9;-15;1;2;1;2;2;1
-8;-16;2;1;1;1;1;2
-7;-17;4;2;2;2;3;3
-6;-18;3;4;3;2;3;2
-5;-19;2;3;2;2;1;2
-4;-20;3;3;2;1;2;2
-3;-21;1;3;2;1;1;1
-2;-22;4;1;1;4;1;1
6;-24;1;1;1;4;4;4
7;-24;4;1;1;1;4;1
8;-24;2;4;4;4;2;4
9;-24;1;3;2;2;2;2
10;-24;3;3;1;1;1;1
11;-24;2;5;1;3;1;5
12;-24;4;4;4;2;3;4
13;-24;4;1;4;4;1;4
14;-24;4;1;4;4;1;4
15;-24;3;3;3;4;3;1
16;-24;1;3;3;3;2;3
17;-24;4;1;4;1;1;1
19;-24;4;1;3;3;1;3
20;-24;1;2;4;4;4;1
21;-24;4;2;2;1;1;1
22;-24;3;1;1;4;3;3
23;-24;3;3;1;3;3;1
24;-24;3;1;1;3;3;1
23;2;7;1;4;4;1;7
22;3;3;1;1;3;4;4
21;4;1;1;1;4;1;1
20;5;4;4;1;4;1;1
19;6;1;1;3;1;1;1
25;-5;5;1;5;4;1;5
25;-6;1;1;1;1;4;4
18;7;1;3;1;1;2;3
25;-7;4;4;4;5;4;5
17;8;7;1;1;1;7;7
25;-8;1;4;4;5;3;5
16;9;1;1;3;3;1;1
25;-9;3;3;3;3;1;3
15;10;3;1;3;3;1;3
25;-10;3;1;1;3;3;1
14;11;1;3;2;2;3;3
25;-11;5;3;3;3;5;2
13;12;1;3;3;3;3;2
25;-12;7;7;7;7;1;1
12;13;3;1;3;3;1;3
25;-13;5;1;1;1;5;1
11;14;4;3;2;4;3;3
25;-14;1;5;5;5;1;5
25;-15;1;1;2;4;2;2
10;15;1;1;4;1;3;2
9;16;3;1;4;1;1;4
25;-16;4;2;1;3;2;2
8;17;1;3;1;4;1;4
25;-17;3;2;1;1;3;3
7;18;4;2;2;2;4;1
25;-18;4;3;1;3;1;3
6;19;2;1;1;2;2;2
25;-19;1;1;5;1;5;1
5;20;2;2;1;2;1;1
4;21;4;4;1;4;4;1
25;-20;7;7;7;7;7;7
25;-21;1;1;1;1;1;1
3;22;4;4;1;4;4;1
25;-22;1;1;1;1;4;1
2;23;4;4;4;4;1;1
25;-23;3;4;2;3;2;2
1;24;1;4;4;1;4;4
0;25;4;1;4;1;4;4
-1;25;1;4;4;1;1;1
-2;25;7;7;7;7;7;7
-3;25;1;1;3;4;1;3
-4;25;4;6;1;6;6;4
-5;25;6;4;1;6;1;4
-6;25;6;3;3;4;3;6
-7;25;4;3;1;4;3;4
-8;25;1;1;1;1;1;1
-9;25;1;3;3;6;1;6
-10;25;6;6;4;4;1;1
-11;25;4;4;6;1;2;6
-12;25;1;1;1;3;1;1
-13;25;3;1;6;6;1;6
-14;25;8;8;8;8;8;8
-15;25;1;3;1;3;3;3
-16;25;4;3;3;1;3;2
-17;25;1;3;1;1;3;3
-18;25;1;3;3;1;3;3
-19;25;1;1;1;3;3;1
-20;25;3;3;1;3;3;3
-21;25;3;1;4;3;3;3
-22;25;3;3;4;4;3;3
-23;25;4;5;1;5;1;4
-24;25;5;4;5;5;3;5
-25;25;5;1;5;2;2;2
-25;24;5;2;1;5;1;5
-25;23;5;1;5;1;5;1
-25;22;7;7;7;1;1;7
-25;21;1;1;1;1;1;1
-25;20;2;1;1;1;1;4
-25;19;1;1;1;2;2;1
-25;18;2;2;3;3;2;3
-25;17;3;2;2;2;1;4
-25;16;1;1;1;1;2;3
-25;15;2;2;2;6;1;6
-25;14;2;1;1;4;1;1
-25;13;1;1;6;1;1;6
-25;12;8;8;8;8;8;8
-25;11;8;8;8;8;8;8
-25;10;2;6;3;1;6;2
-25;9;8;8;8;8;8;8
-25;8;6;1;6;1;1;1
-25;7;1;1;1;1;1;1
-25;6;7;7;7;7;7;7
-25;5;2;5;1;1;5;1
-25;4;3;5;4;5;1;3
-25;3;2;7;7;7;1;2
-25;2;1;1;1;1;1;3
-25;1;1;1;5;1;5;1
-25;0;7;7;7;7;7;7
-24;-1;1;1;1;4;4;1
-23;-2;3;2;1;2;2;3
-22;-3;4;2;3;2;2;4
-21;-4;4;4;4;1;1;4
-20;-5;1;4;4;4;4;4
-19;-6;1;1;4;4;1;4
-18;-7;3;1;4;1;4;3
-17;-8;3;1;3;3;1;1
-16;-9;2;1;1;1;1;2
-15;-10;2;2;2;1;2;3
-14;-11;1;1;3;3;3;2
-13;-12;2;2;2;2;2;2
-12;-13;2;1;2;2;1;2
-11;-14;2;2;2;2;2;2
-10;-15;2;2;2;2;1;1
-9;-16;1;2;1;1;1;1
-8;-17;2;1;1;1;1;4
-7;-18;2;3;4;1;1;2
-6;-19;2;3;2;2;1;2
-5;-20;1;1;2;3;3;1
-4;-21;1;2;1;1;2;1
-3;-22;4;1;1;4;4;4
6;-25;2;4;1;1;2;3
7;-25;1;4;4;2;4;4
8;-25;1;2;1;1;1;1
9;-25;1;2;4;1;1;1
10;-25;5;1;2;1;2;5
11;-25;7;7;1;7;7;7
12;-25;3;3;5;1;1;5
13;-25;4;1;4;3;4;1
14;-25;4;1;4;4;1;1
15;-25;3;3;4;4;1;4
16;-25;2;2;1;3;3;3
17;-25;2;1;3;2;2;2
18;-25;1;1;1;2;1;1
19;-25;3;1;1;1;1;1
20;-25;1;4;3;3;2;4
21;-25;1;1;1;1;1;1
22;-25;2;3;1;1;1;2
23;-25;5;3;3;2;2;5
24;-25;7;3;1;7;7;7
25;-25;3;3;7;7;7;3
23;3;2;2;3;3;1;1
22;4;3;4;4;1;1;3
21;5;1;1;4;4;1;4
20;6;1;4;1;1;4;4
19;7;1;1;1;1;1;1
26;-6;5;1;5;1;5;1
26;-7;5;5;4;4;5;1
18;8;3;1;3;1;3;1
26;-8;7;7;7;1;7;7
17;9;3;3;1;1;1;3
26;-9;3;7;7;3;1;3
16;10;3;1;4;3;1;1
26;-10;1;1;3;3;1;1
15;11;1;7;7;1;1;4
26;-11;7;7;7;7;7;2
14;12;2;3;1;1;3;1
26;-12;2;1;2;5;5;2
13;13;1;3;4;3;3;1
26;-13;8;8;8;8;8;8
12;14;4;2;1;4;1;4
26;-14;1;5;1;1;5;1
11;15;3;1;3;1;3;1
26;-15;1;5;5;1;4;5
26;-16;3;4;2;4;4;4
10;16;1;3;1;3;1;3
9;17;3;4;3;1;1;1
26;-17;1;4;2;3;4;4
8;18;1;3;1;4;3;3
26;-18;1;4;3;4;4;4
7;19;1;2;2;2;2;1
6;20;2;1;2;2;1;2
26;-20;3;3;1;1;1;4
5;21;1;2;3;4;2;2
4;22;1;3;1;4;4;3
26;-21;1;1;1;1;3;3
26;-22;3;3;1;1;3;1
3;23;1;4;1;4;4;1
26;-23;2;3;1;3;2;2
2;24;4;4;4;1;4;1
26;-24;1;2;2;1;2;2
1;25;4;4;2;4;4;4
0;26;4;1;4;1;1;2
-1;26;1;4;4;4;4;4
-2;26;4;4;1;1;1;4
-3;26;1;2;2;2;1;1
-4;26;2;3;2;4;6;3
-5;26;4;4;3;4;4;1
-6;26;4;4;3;1;3;1
-7;26;1;3;3;1;3;3
-8;26;1;5;5;1;1;1
-9;26;1;1;1;1;3;1
-10;26;1;3;3;6;6;3
-11;26;6;6;4;1;4;4
-12;26;1;1;6;7;7;6
-13;26;1;2;1;1;1;1
-14;26;8;8;8;8;8;8
-15;26;6;1;6;3;3;1
-16;26;3;3;1;3;3;1
-17;26;3;3;3;2;3;3
-18;26;2;2;2;3;3;1
-19;26;3;2;2;4;1;3
-20;26;4;1;3;1;3;1
-21;26;1;4;4;4;1;1
-22;26;4;4;1;4;3;4
-23;26;4;4;5;2;5;4
-24;26;2;2;4;1;4;1
-25;26;1;7;7;7;7;7
-26;26;5;5;1;5;1;5
-26;25;2;1;1;1;7;7
-26;24;7;1;7;7;7;7
-26;23;1;5;1;1;1;5
-26;22;1;1;5;1;5;1
-26;21;1;5;1;1;5;1
-26;20;1;7;7;7;7;1
-26;19;2;5;1;5;5;3
-26;18;3;5;5;1;3;2
-26;17;3;3;1;3;2;1
-26;16;1;2;4;4;1;2
-26;15;6;1;4;6;4;1
-26;14;4;4;1;6;1;6
-26;13;1;1;5;2;2;5
-26;12;1;2;2;1;2;1
-26;11;6;2;6;3;1;3
-26;10;7;7;6;1;6;7
-26;9;2;6;2;2;2;6
-26;8;1;2;2;2;3;1
-26;7;1;3;4;4;1;1
-26;6;5;1;1;5;1;1
-26;5;4;1;4;4;1;4
-26;4;5;1;5;1;5;1
-26;3;7;7;7;7;7;7
-26;2;1;5;2;2;1;5
-26;1;1;1;1;1;1;1
-26;0;1;1;7;7;3;3
-25;-1;4;1;3;2;4;3
-24;-2;2;4;3;4;4;4
-23;-3;2;2;4;4;1;2
-22;-4;1;2;2;2;2;4
-21;-5;4;1;4;4;1;4
-20;-6;4;4;4;4;4;4
-19;-7;1;1;4;4;4;4
-18;-8;3;4;4;1;4;1
-17;-9;7;7;1;1;2;2
-16;-10;1;1;2;2;2;2
-15;-11;3;2;2;2;2;1
-14;-12;2;1;1;2;2;2
-13;-13;2;2;2;1;2;1
-12;-14;2;1;1;1;2;2
-11;-15;2;2;2;2;2;2
-10;-16;1;1;2;2;4;1
-9;-17;1;1;1;1;1;2
-8;-18;1;1;2;2;2;2
-7;-19;2;1;2;1;2;2
-6;-20;3;1;2;2;1;2
-5;-21;1;3;2;1;1;3
-4;-22;4;2;3;1;1;2
6;-26;3;2;2;2;3;3
7;-26;4;4;3;3;5;5
8;-26;1;1;4;4;1;4
9;-26;1;1;7;7;7;7
10;-26;1;2;1;1;1;1
11;-26;7;7;7;7;7;7
12;-26;5;1;5;1;2;1
13;-26;4;4;7;7;7;7
14;-26;1;1;1;4;1;1
15;-26;4;1;1;1;2;3
16;-26;2;3;4;4;4;3
17;-26;2;2;3;2;1;2
18;-26;2;1;2;2;1;1
23;-26;7;2;2;2;7;7
24;-26;1;1;7;7;7;7
23;4;3;3;1;3;2;4
22;5;4;3;1;1;4;1
21;6;3;2;3;1;1;1
20;7;3;2;1;1;4;3
19;8;1;1;1;3;1;1
27;-6;7;7;7;7;7;7
27;-7;1;5;1;5;1;1
27;-8;1;1;1;1;3;1
18;9;1;3;3;3;1;1
27;-9;5;3;5;3;5;1
17;10;3;3;3;3;3;3
27;-10;1;5;3;1;5;2
16;11;3;1;1;1;1;3
27;-11;7;7;7;7;7;7
15;12;7;1;3;2;7;7
27;-12;1;1;2;2;1;2
14;13;3;1;3;1;3;3
27;-13;2;1;2;6;6;2
13;14;3;1;1;4;3;3
27;-14;5;6;6;1;5;1
12;15;3;3;1;3;2;1
27;-15;7;7;1;1;7;7
11;16;3;2;1;1;1;1
27;-16;3;5;5;3;4;5
27;-17;1;4;4;1;4;1
10;17;3;1;1;3;3;1
9;18;1;4;4;1;4;1
27;-18;1;4;4;1;1;4
8;19;2;2;1;1;3;4
27;-19;4;1;4;4;3;3
7;20;2;1;2;2;2;1
6;21;1;1;1;1;1;2
27;-20;3;3;1;3;3;1
27;-21;3;3;4;1;4;1
5;22;2;2;1;1;2;1
4;23;3;3;1;1;3;1
27;-22;3;4;3;3;1;3
27;-23;3;1;1;2;3;1
3;24;1;1;4;4;4;1
27;-24;3;3;2;1;1;3
2;25;3;3;4;4;4;4
1;26;4;4;4;4;4;4
0;27;1;4;4;1;1;4
-1;27;1;1;4;4;4;4
-2;27;4;4;4;4;4;4
-3;27;4;1;1;3;2;1
-4;27;3;3;1;1;3;2
-5;27;1;3;1;3;4;2
-6;27;3;4;1;4;4;3
-7;27;4;1;6;4;3;3
-8;27;4;4;7;7;7;3
-9;27;7;7;1;1;1;7
-10;27;1;2;1;1;1;1
-11;27;1;6;1;1;6;3
-12;27;1;2;3;2;1;4
-13;27;2;2;2;6;2;6
-14;27;6;2;1;1;6;1
-15;27;1;6;1;6;1;1
-16;27;6;1;3;3;3;6
-17;27;3;1;1;1;3;1
-18;27;1;1;3;3;2;3
-19;27;3;3;3;1;2;2
-20;27;1;1;1;4;1;2
-21;27;4;1;4;1;4;3
-22;27;1;1;1;4;4;4
-23;27;4;1;4;3;4;1
-24;27;3;3;5;2;2;5
-25;27;2;3;1;4;1;4
-26;27;4;5;1;1;5;5
-27;27;1;1;1;4;1;1
-27;26;7;7;7;7;7;7
-27;25;1;5;5;5;1;5
-27;24;5;1;5;1;5;1
-27;23;7;7;7;7;7;7
-27;22;1;5;2;3;5;1
-27;21;1;5;2;2;1;5
-27;20;5;1;1;1;5;1
-27;19;8;8;8;8;8;8
-27;18;1;1;1;1;4;1
-27;17;3;4;4;1;2;4
-27;16;4;2;1;2;4;4
-27;15;6;4;6;1;6;1
-27;14;8;8;8;8;8;8
-27;13;2;7;7;6;6;2
-27;12;1;6;6;1;1;6
-27;11;3;1;6;3;1;6
-27;10;1;1;1;2;2;2
-27;9;2;2;2;1;2;2
-27;8;2;2;1;1;4;4
-27;7;4;4;4;1;1;1
-27;6;5;1;4;5;4;4
-27;5;4;4;5;1;4;5
-27;4;1;4;5;4;5;1
-27;3;5;5;2;1;2;2
-27;2;2;2;1;2;2;1
-27;1;1;2;2;2;1;1
-27;0;1;1;2;1;1;1
-25;-2;4;4;7;7;7;1
-24;-3;4;4;1;1;1;4
-23;-4;2;1;4;4;4;4
-22;-5;4;2;4;4;1;1
-21;-6;4;1;1;4;1;4
-20;-7;4;4;4;2;4;4
-19;-8;1;4;4;1;4;4
-18;-9;1;4;4;4;4;4
-17;-10;2;2;4;1;1;2
-16;-11;2;2;2;2;1;1
-15;-12;2;2;1;2;2;1
-14;-13;1;2;1;2;1;2
-13;-14;1;2;2;2;1;1
-12;-15;2;2;1;2;2;1
-11;-16;2;2;1;1;2;1
-10;-17;1;4;1;4;4;1
-9;-18;2;1;1;2;2;2
-8;-19;1;2;2;2;2;2
-7;-20;2;2;2;2;2;2
-6;-21;1;1;2;2;3;2
-5;-22;1;1;2;1;1;2
6;-27;3;3;3;1;3;1
7;-27;1;5;3;3;1;5
8;-27;5;1;5;1;5;1
9;-27;1;5;4;5;5;1
10;-27;5;1;5;1;3;3
11;-27;1;1;7;7;7;1
12;-27;4;2;5;1;5;2
14;-27;3;1;5;3;5;1
15;-27;4;2;1;3;1;2
16;-27;4;4;3;4;4;2
17;-27;3;1;3;4;4;2
18;-27;1;1;2;3;2;3
19;-27;3;1;1;1;3;3
23;-27;5;5;3;5;2;2
24;-27;1;5;1;5;1;1
24;4;3;1;3;3;1;1
23;5;2;1;3;4;3;3
22;6;3;3;4;3;3;3
21;7;3;2;2;3;2;4
20;8;2;2;4;1;2;2
19;9;2;4;3;1;1;4
28;-6;8;8;8;8;8;8
27;-5;4;2;3;3;5;5
28;-7;1;1;5;1;1;5
28;-8;7;7;7;7;7;7
28;-9;5;1;1;5;1;1
18;10;3;3;3;3;3;3
28;-10;1;1;1;1;2;2
17;11;3;3;3;3;3;3
28;-11;2;2;2;5;4;5
16;12;3;1;3;1;1;3
28;-12;1;4;5;1;5;1
15;13;3;3;3;3;3;3
28;-13;1;5;2;2;2;5
14;14;3;4;3;3;1;3
28;-14;7;2;2;7;7;7
13;15;1;3;3;3;1;3
28;-15;1;5;1;5;1;5
12;16;3;3;3;3;3;3
28;-16;1;1;5;3;5;3
11;17;3;3;1;3;2;3
28;-17;8;8;8;8;8;8
28;-18;1;1;1;1;1;1
10;18;2;2;2;1;1;1
9;19;4;2;2;2;4;2
8;20;2;2;2;2;2;2
28;-20;4;3;3;3;3;1
7;21;2;4;1;1;1;2
6;22;2;2;2;2;1;1
28;-21;3;3;1;3;3;1
28;-22;1;3;1;3;4;4
5;23;2;3;3;3;2;2
4;24;3;3;1;1;3;3
28;-23;4;4;3;3;4;1
28;-24;3;4;1;3;3;3
3;25;3;3;4;3;1;1
2;26;1;4;4;4;3;4
1;27;4;1;4;1;4;4
0;28;1;4;4;4;4;4
-1;28;4;1;1;1;1;4
-2;28;1;4;7;7;4;4
-3;28;1;1;4;4;1;4
-4;28;4;3;1;3;3;1
-5;28;3;1;3;1;3;1
-6;28;1;1;6;6;4;1
-7;28;6;3;3;6;1;1
-8;28;6;1;4;1;4;6
-9;28;1;5;6;6;5;5
-10;28;6;2;1;6;2;1
-11;28;6;2;2;1;6;1
-12;28;1;1;1;1;2;1
-13;28;1;1;4;2;2;3
-14;28;2;2;6;3;2;2
-15;28;3;6;4;1;6;1
-16;28;8;8;8;8;8;8
-17;28;6;2;1;1;1;3
-18;28;1;3;3;3;1;1
-19;28;3;1;1;3;3;3
-20;28;3;1;3;1;1;3
-21;28;1;1;7;7;7;7
-22;28;1;1;4;1;1;4
-23;28;1;4;3;2;1;1
-24;28;2;1;3;1;3;4
-25;28;1;4;2;5;3;5
-26;28;5;1;1;5;5;1
-27;28;7;7;7;7;7;7
-28;28;1;1;1;5;5;1
-28;27;4;7;7;7;4;1
-28;26;1;4;3;5;3;5
-28;25;5;3;2;3;3;5
-28;24;1;3;3;5;1;5
-28;23;1;7;7;4;2;2
-28;22;3;2;4;4;4;2
-28;21;2;4;7;7;7;1
-28;20;1;5;1;5;1;5
-28;19;6;1;6;2;1;1
-28;18;1;1;6;2;6;4
-28;17;1;6;1;2;6;1
-28;16;2;6;1;1;6;6
-28;15;1;6;6;6;6;6
-28;14;1;6;1;1;6;1
-28;13;8;8;8;8;8;8
-28;12;1;6;1;6;4;6
-28;11;3;4;1;4;4;1
-28;10;2;4;4;3;3;2
-28;9;1;3;1;3;7;7
-28;8;1;5;1;5;1;4
-28;7;7;7;7;7;7;4
-28;6;7;7;7;7;7;7
-28;5;1;1;5;1;1;5
-28;4;4;1;1;3;1;2
-28;3;1;1;2;2;2;1
-28;2;2;2;1;4;2;2
-28;1;2;2;4;2;2;2
-28;0;1;2;2;2;1;2
-27;-1;1;1;2;1;4;1
-26;-2;1;4;1;6;6;4
-25;-3;1;1;4;4;2;2
-24;-4;4;1;2;2;4;4
-23;-5;4;4;4;4;4;4
-22;-6;4;1;4;4;4;4
-21;-7;2;1;4;2;2;1
-19;-9;4;4;4;3;2;2
-18;-10;1;4;2;2;4;2
-17;-11;2;1;2;1;1;2
-16;-12;2;1;2;2;2;2
-15;-13;2;2;2;2;2;2
-14;-14;2;1;2;1;2;1
-13;-15;2;1;1;1;1;2
-12;-16;1;2;2;1;2;2
-11;-17;4;2;2;1;2;2
-10;-18;2;4;2;2;2;2
-9;-19;2;2;2;2;2;2
-8;-20;2;2;2;1;1;1
-7;-21;2;2;1;1;2;3
-6;-22;1;3;3;1;1;1
6;-28;2;3;1;2;1;1
7;-28;3;1;1;2;1;1
8;-28;1;5;5;3;5;5
9;-28;1;5;1;1;5;1
10;-28;3;3;1;1;1;2
11;-28;5;5;3;3;3;4
12;-28;2;5;1;5;2;2
13;-28;1;1;2;2;2;1
14;-28;7;7;7;7;7;7
15;-28;7;7;7;7;7;7
16;-28;4;4;2;1;2;2
17;-28;4;4;2;4;3;3
18;-28;2;2;2;4;1;4
19;-28;3;3;3;2;1;1
22;-27;5;1;1;1;5;1
23;6;3;1;3;3;1;1
22;7;4;3;4;3;3;3
21;8;4;3;3;2;2;4
20;9;1;1;3;2;2;3
19;10;3;3;1;3;4;3
29;-6;1;2;2;6;1;1
28;-5;2;5;4;4;5;2
29;-7;6;1;6;1;3;3
29;-8;2;3;5;5;5;5
29;-9;5;5;1;5;1;2
29;-10;2;1;1;1;5;5
18;11;3;3;1;3;3;1
29;-11;7;7;2;2;7;7
17;12;4;4;1;3;3;1
29;-12;2;1;5;1;5;2
16;13;3;3;3;3;1;1
29;-13;7;7;1;1;1;1
15;14;2;2;3;3;3;3
29;-14;7;7;7;7;7;7
14;15;4;4;4;1;4;3
29;-15;7;7;7;7;7;7
13;16;4;1;3;3;3;4
29;-16;5;1;5;1;1;1
12;17;2;3;3;3;3;3
29;-17;2;1;3;5;5;2
11;18;1;1;3;2;4;3
29;-18;1;5;5;1;1;5
29;-19;1;1;1;7;7;1
10;19;2;2;4;4;2;3
9;20;1;2;2;2;2;4
8;21;2;1;1;2;2;2
29;-20;4;1;4;4;1;2
29;-21;3;1;1;3;3;1
7;22;1;2;3;2;4;1
6;23;3;2;3;2;2;3
29;-22;3;3;1;1;1;1
29;-23;4;1;4;4;2;1
5;24;3;1;3;3;3;3
4;25;3;4;4;3;3;3
29;-24;2;2;1;3;1;1
3;26;4;4;4;1;3;4
2;27;1;4;1;4;4;4
1;28;4;4;4;1;1;1
0;29;4;4;4;4;4;4
-1;29;4;4;3;1;1;4
-2;29;1;4;4;1;4;1
-3;29;1;4;4;4;7;7
-4;29;4;2;1;1;3;4
-5;29;1;1;1;3;1;1
-6;29;3;4;3;1;1;3
-7;29;1;6;2;1;3;6
-10;29;2;6;2;2;2;6
-11;29;2;2;2;2;2;1
-12;29;2;2;7;7;1;2
-13;29;1;1;4;4;1;1
-14;29;4;2;3;6;2;4
-15;29;8;8;8;8;8;8
-16;29;6;6;1;6;1;4
-17;29;6;6;2;2;2;6
-18;29;2;4;3;3;3;1
-19;29;3;3;2;3;1;3
-20;29;3;1;1;3;1;1
-21;29;3;1;1;3;1;3
-22;29;3;6;5;1;1;5
-23;29;1;4;7;7;4;4
-25;29;2;2;1;2;4;3
-26;29;2;2;7;7;7;2
-27;29;5;3;1;5;1;1
-28;29;5;2;5;1;1;1
-29;29;1;1;5;5;1;1
-29;28;5;1;5;5;5;1
-29;27;1;5;5;1;5;3
-29;26;5;5;2;1;2;2
-29;25;3;2;3;3;1;3
-29;24;7;7;3;2;2;7
-29;23;4;2;4;4;4;4
-29;22;1;4;1;1;1;1
-29;21;7;7;6;1;6;1
-29;20;8;8;8;8;8;8
-29;19;2;1;2;1;2;6
-29;18;2;2;7;7;7;7
-29;17;2;1;5;5;1;1
-29;16;1;1;1;6;1;6
-29;15;6;1;6;2;6;1
-29;14;1;6;3;3;2;1
-29;13;6;2;6;2;1;1
-29;12;6;1;4;6;1;1
-29;11;4;1;1;2;4;4
-29;10;3;4;1;1;1;1
-29;9;3;1;1;3;3;1
-29;8;5;3;3;5;1;1
-29;7;5;1;1;1;5;1
-29;6;7;7;7;7;7;7
-29;5;1;5;5;1;1;1
-29;4;3;1;1;2;3;2
-29;3;2;3;3;1;4;1
-29;2;4;4;4;2;1;4
-29;1;2;1;2;6;6;2
-29;0;2;6;6;1;6;1
-28;-1;1;1;1;7;7;1
-27;-2;6;4;1;4;6;1
-26;-3;4;6;1;1;1;6
-25;-4;2;2;6;6;2;6
-24;-5;4;4;6;4;6;4
-23;-6;4;4;4;1;1;3
-22;-7;2;4;3;2;2;2
-21;-8;2;2;2;2;2;2
-20;-9;3;3;2;2;1;2
-19;-10;2;2;2;2;2;2
-18;-11;1;4;2;2;2;1
-17;-12;2;7;7;1;2;1
-16;-13;2;2;1;4;2;2
-15;-14;1;2;2;2;2;1
-14;-15;1;2;1;2;1;2
-13;-16;1;1;2;1;2;2
-12;-17;1;2;2;2;2;2
-11;-18;2;2;2;1;2;1
-10;-19;2;2;1;1;2;4
-9;-20;1;2;4;4;2;2
-8;-21;1;1;2;2;1;1
8;-29;5;5;1;3;4;4
9;-29;7;7;7;7;7;7
11;-29;1;3;2;4;3;1
12;-29;1;2;4;1;2;2
13;-29;1;2;2;1;2;1
14;-29;7;7;7;7;7;7
15;-29;1;1;5;1;1;5
16;-29;1;2;1;1;1;1
17;-29;3;3;2;1;1;3
18;-29;2;1;3;3;2;3
20;-29;5;1;1;1;5;1
22;-28;1;5;1;5;5;1
22;8;4;4;1;4;3;3
21;9;1;1;1;1;3;1
20;10;1;1;3;3;1;1
19;11;2;4;3;3;3;3
30;-6;1;1;1;1;6;6
29;-5;2;2;1;2;2;1
30;-7;8;8;8;8;8;8
28;-4;7;7;7;7;7;7
30;-8;1;1;3;2;4;3
30;-9;5;4;5;5;1;1
30;-10;1;1;2;2;1;2
30;-11;2;7;7;7;2;2
18;12;1;1;1;4;3;3
30;-12;2;2;5;2;5;2
17;13;1;3;3;3;4;1
30;-13;5;5;2;5;5;1
16;14;3;3;3;2;3;3
30;-14;7;7;7;7;7;7
15;15;4;4;4;4;2;3
30;-15;1;5;5;5;1;5
14;16;2;2;2;4;4;4
30;-16;1;1;1;7;7;7
13;17;2;4;4;2;1;2
30;-17;2;5;1;2;4;5
12;18;4;2;2;1;2;4
30;-18;2;4;2;1;1;2
11;19;3;2;2;2;1;2
30;-19;5;1;5;1;1;4
30;-20;4;1;1;4;1;1
10;20;2;2;1;1;2;2
9;21;1;2;1;2;2;1
8;22;1;7;7;1;1;1
30;-21;2;1;2;3;3;1
30;-22;3;3;1;3;3;4
7;23;2;2;3;3;2;1
6;24;3;1;1;3;2;3
30;-23;2;4;1;4;2;2
30;-24;2;2;1;2;1;2
5;25;1;2;4;3;1;1
4;26;2;4;4;4;4;4
30;-25;3;1;1;3;1;3
3;27;4;3;4;1;4;4
2;28;4;4;4;4;4;4
1;29;4;4;4;4;4;4
0;30;4;4;1;4;4;4
-1;30;4;4;2;4;4;4
-2;30;4;4;4;3;4;3
-3;30;3;1;3;3;4;4
-4;30;3;4;4;4;2;4
-5;30;4;3;1;1;1;1
-6;30;1;1;1;3;4;1
-7;30;3;3;3;1;6;3
-10;30;3;3;1;6;6;1
-11;30;6;2;3;2;2;2
-12;30;2;1;1;3;2;2
-13;30;3;3;2;2;1;1
-14;30;2;2;2;3;2;4
-15;30;3;3;2;3;6;3
-16;30;3;1;1;1;6;6
-17;30;1;6;6;3;6;1
-18;30;3;4;4;2;4;2
-19;30;2;1;1;2;3;3
-20;30;2;1;1;7;7;2
-21;30;1;6;1;6;1;1
-22;30;8;8;8;8;8;8
-23;30;5;3;4;5;4;5
-24;30;5;4;4;2;2;5
-25;30;2;1;1;4;2;1
-27;30;3;5;1;1;3;5
-28;30;1;2;2;1;2;1
-29;30;1;4;1;5;1;5
-30;30;5;1;4;4;5;5
-30;29;5;5;4;5;5;5
-30;28;8;8;8;8;8;8
-30;27;1;1;2;1;2;2
-30;26;1;2;2;1;2;3
-30;25;3;2;3;1;1;3
-30;24;2;1;4;4;4;4
-30;23;4;4;2;3;4;1
-30;22;8;8;8;8;8;8
-30;21;1;1;6;1;3;6
-30;20;5;3;3;3;5;2
-30;19;1;5;3;5;1;5
-30;18;7;1;1;1;1;7
-30;17;7;7;7;3;2;7
-30;16;6;2;2;2;1;6
-30;15;2;1;3;1;3;3
-30;14;3;3;6;1;6;6
-30;13;2;6;1;6;1;4
-30;12;6;1;1;6;1;1
-30;11;2;1;1;1;1;1
-30;10;1;1;1;1;3;1
-30;9;3;3;1;1;1;3
-30;8;5;1;1;1;5;1
-30;7;1;5;4;4;4;5
-30;6;5;4;2;3;3;5
-30;3;1;1;4;1;4;4
-30;2;2;4;4;4;1;2
-30;1;6;1;1;1;1;6
-30;0;1;1;6;1;1;6
-29;-1;8;8;8;8;8;8
-28;-2;4;5;5;5;3;5
-27;-3;8;8;8;8;8;8
-26;-4;8;8;8;8;8;8
-25;-5;4;2;1;4;4;1
-24;-6;8;8;8;8;8;8
-23;-7;2;1;1;1;2;2
-22;-8;2;2;2;2;4;1
-21;-9;2;2;1;1;2;1
-20;-10;2;1;1;2;1;2
-19;-11;2;2;2;2;2;2
-18;-12;1;2;2;1;2;2
-17;-13;4;2;2;1;3;1
-16;-14;2;2;1;2;1;2
-15;-15;2;2;2;1;1;2
-14;-16;1;1;2;2;1;1
-13;-17;2;2;1;2;2;4
-12;-18;1;2;4;3;1;1
-11;-19;1;2;1;2;3;2
-10;-20;4;2;2;2;2;1
-9;-21;2;2;1;1;2;1
12;-30;1;2;1;2;3;3
13;-30;1;2;2;1;1;1
14;-30;1;5;1;1;5;1
15;-30;7;7;7;7;7;7
16;-30;7;7;1;1;7;7
17;-30;1;1;1;1;1;1
18;-30;2;2;3;1;2;1
21;-29;7;7;7;7;1;1
20;-30;5;5;3;1;5;3
21;-30;5;1;1;5;1;1
21;-28;5;1;1;1;5;1
22;-29;1;5;1;5;1;1
19;12;5;1;5;1;4;4
31;-6;1;4;2;1;6;6
30;-5;4;4;1;2;1;2
31;-7;8;8;8;8;8;8
29;-4;5;1;1;5;2;1
31;-10;4;3;1;1;3;2
31;-11;4;3;2;2;2;2
31;-12;2;2;2;2;2;2
18;13;7;7;1;1;1;7
31;-13;4;2;2;5;1;5
17;14;1;1;1;3;3;1
31;-14;7;7;7;1;7;7
16;15;4;1;1;4;3;1
31;-15;5;5;5;1;5;1
15;16;1;4;1;2;4;1
31;-16;1;5;5;1;3;3
14;17;7;7;7;2;2;1
13;18;1;4;2;4;4;1
31;-18;7;7;7;2;2;1
12;19;1;2;2;3;2;2
31;-19;5;2;2;5;3;3
11;20;2;1;2;2;2;2
31;-20;1;3;4;4;4;4
31;-21;3;4;1;2;3;2
10;21;1;1;2;1;2;2
9;22;2;1;1;1;2;2
8;23;2;3;2;3;1;1
31;-22;1;3;1;3;4;3
31;-23;3;4;4;2;3;4
7;24;3;3;3;3;2;2
6;25;3;1;3;1;1;3
31;-24;3;3;2;2;3;3
31;-25;2;3;2;3;3;3
5;26;4;2;1;2;2;3
4;27;2;3;1;4;4;1
30;-26;1;1;1;1;5;5
3;28;1;1;4;4;3;1
2;29;1;4;4;4;4;4
1;30;2;1;4;4;4;4
0;31;4;4;1;1;4;4
-1;31;7;7;4;4;4;7
-2;31;4;4;4;2;4;2
-3;31;2;1;1;1;1;4
-4;31;1;4;2;1;4;3
-10;31;3;3;2;1;3;3
-11;31;1;1;2;3;2;1
-12;31;3;3;3;2;1;3
-13;31;2;2;1;2;3;1
-14;31;2;2;3;1;2;2
-15;31;1;2;2;2;3;2
-16;31;2;2;1;1;1;2
-17;31;1;6;1;1;6;1
-18;31;1;1;6;3;4;6
-19;31;3;4;1;1;1;4
-20;31;8;8;8;8;8;8
-21;31;1;6;3;4;6;1
-22;31;4;3;1;2;1;1
-23;31;2;3;4;2;3;6
-24;31;2;4;1;1;4;4
-25;31;1;4;4;4;1;4
-26;31;4;4;4;4;1;1
-27;31;4;1;5;1;5;4
-28;31;7;7;7;1;2;1
-29;31;1;1;1;1;4;2
-30;31;7;7;7;3;1;7
-31;31;3;3;1;4;1;4
-31;30;4;1;4;1;2;4
-31;29;5;2;1;2;2;5
-31;28;6;2;2;2;2;2
-31;27;1;2;2;2;1;2
-31;26;7;7;3;3;4;3
-31;25;1;4;4;4;4;4
-31;24;4;4;2;2;2;2
-31;23;3;2;2;4;6;6
-31;22;1;6;4;1;1;6
-31;21;1;1;5;1;5;3
-31;20;3;5;5;1;5;3
-31;19;7;7;7;7;7;1
-31;18;1;5;1;1;1;5
-31;17;3;1;3;3;3;2
-31;16;2;3;3;3;1;3
-31;15;1;1;6;2;4;6
-31;14;1;4;2;2;2;1
-31;13;6;2;3;6;1;1
-31;12;6;1;6;1;1;1
-31;11;1;1;1;1;1;1
-31;10;1;1;1;1;1;1
-31;9;1;1;1;1;1;1
-31;7;4;2;3;2;2;2
-31;6;3;2;2;4;2;2
-31;2;4;3;1;3;1;1
-31;1;1;1;2;3;6;6
-31;0;1;6;4;4;4;6
-30;-1;6;1;6;1;1;6
-29;-2;8;8;8;8;8;8
-28;-3;6;3;6;1;1;1
-27;-4;6;6;1;4;4;6
-26;-5;4;1;6;3;1;6
-25;-6;6;4;6;4;4;2
-24;-7;1;6;2;1;3;6
-23;-8;2;2;6;6;2;3
-22;-9;1;4;3;4;1;2
-21;-10;2;2;2;2;2;2
-20;-11;2;1;2;2;1;1
-19;-12;1;2;1;2;2;2
-18;-13;1;2;2;1;1;1
-17;-14;2;3;1;1;3;3
-16;-15;1;1;3;1;1;1
-15;-16;2;1;1;3;1;1
-14;-17;2;1;1;1;1;2
-13;-18;3;2;2;2;4;2
-12;-19;2;1;2;2;4;4
-11;-20;2;3;4;1;2;1
-10;-21;1;2;1;2;1;1
13;-31;1;1;3;3;2;1
14;-31;1;5;1;1;5;1
15;-31;5;1;1;1;5;1
16;-31;5;1;1;5;1;1
17;-31;1;1;5;5;1;1
18;-31;1;2;1;1;1;1
19;-31;1;1;1;1;1;1
22;-30;7;7;7;7;7;7
20;-31;1;5;1;1;5;1
31;-5;4;4;4;4;4;4
32;-7;1;1;6;6;1;6
30;-4;7;7;7;7;4;4
32;-8;5;1;5;3;3;1
32;-11;1;1;2;4;2;2
32;-12;2;2;2;2;1;4
32;-13;1;1;2;4;1;1
18;14;1;5;1;1;5;2
32;-14;2;1;5;5;1;5
17;15;1;1;4;4;1;1
32;-15;5;1;5;5;4;5
16;16;4;1;4;1;1;4
32;-16;4;4;1;1;4;1
15;17;5;1;1;5;4;4
32;-17;3;4;3;3;1;3
14;18;1;5;1;1;5;1
13;19;1;1;1;1;4;1
32;-18;3;1;3;5;5;3
32;-19;3;5;1;5;3;3
12;20;1;1;2;2;2;1
32;-20;1;3;3;1;1;1
11;21;1;3;3;1;1;2
32;-21;3;1;4;3;1;2
10;22;2;2;2;2;1;3
9;23;3;4;4;2;1;2
8;24;4;7;7;3;3;4
32;-23;3;3;3;3;3;3
32;-24;3;3;4;3;3;3
7;25;1;3;1;3;3;1
6;26;1;3;3;2;1;1
32;-25;4;3;3;2;2;2
5;27;3;2;2;2;2;3
4;28;2;1;4;1;4;2
30;-27;4;5;4;4;5;4
31;-27;1;1;5;4;4;5
3;29;4;3;4;1;1;4
2;30;4;2;2;2;4;4
1;31;4;1;1;4;1;2
0;32;4;1;4;1;4;1
-1;32;1;1;1;1;1;1
-2;32;1;4;4;4;4;4
-3;32;4;3;4;4;1;4
-4;32;4;1;1;4;4;1
-5;32;4;4;4;4;3;2
-10;32;1;1;1;1;3;3
-11;32;1;2;2;2;1;2
-12;32;2;3;1;3;3;2
-13;32;3;1;1;2;2;3
-14;32;2;1;2;3;2;1
-15;32;3;3;2;1;2;3
-16;32;1;1;1;4;2;2
-17;32;4;3;6;1;6;1
-18;32;1;3;1;7;7;1
-19;32;1;6;2;4;4;6
-20;32;4;4;6;1;6;1
-21;32;1;1;6;3;6;1
-22;32;3;1;3;1;3;3
-23;32;1;4;1;3;3;1
-24;32;3;1;4;4;4;4
-25;32;4;4;1;4;4;1
-26;32;4;1;4;4;4;4
-27;32;4;4;1;1;1;4
-28;32;7;2;2;2;7;7
-29;32;2;1;1;1;1;1
-30;32;1;1;1;3;1;1
-31;32;3;1;3;1;3;1
-32;32;1;6;6;2;1;1
-32;31;4;1;1;4;1;4
-32;30;1;1;1;2;2;1
-32;29;2;2;3;1;3;2
-32;28;2;3;1;3;3;2
-32;27;2;3;4;3;4;3
-32;26;3;4;4;1;4;4
-32;25;4;4;4;2;2;2
-32;24;2;2;4;2;3;2
-32;23;4;3;4;4;3;4
-32;22;1;3;5;1;1;5
-32;21;7;7;7;7;7;7
-32;20;1;5;5;1;1;5
-32;19;1;1;1;1;1;1
-32;18;1;1;1;3;3;3
-32;17;3;3;2;4;4;3
-32;16;3;4;4;4;4;6
-32;15;2;4;4;1;4;2
-32;14;2;4;3;1;1;3
-32;13;6;1;1;3;3;6
-32;12;1;3;1;1;1;1
-32;8;4;3;3;2;3;3
-32;7;2;3;3;2;1;2
-32;2;3;2;4;2;3;2
-32;1;3;3;2;4;3;4
-32;0;4;3;3;4;4;3
-31;-1;1;4;3;4;1;4
-30;-2;6;1;4;1;6;4
-29;-3;1;5;4;1;5;1
-27;-5;3;4;2;6;4;6
-25;-7;1;4;4;6;1;6
-24;-8;6;3;6;1;1;1
-23;-9;4;2;1;1;4;1
-22;-10;2;1;1;1;2;2
-21;-11;2;2;2;2;2;1
-20;-12;2;1;1;4;4;3
-19;-13;1;2;3;1;1;3
14;-32;1;5;1;1;1;5
15;-32;7;7;7;7;7;7
16;-32;7;7;7;7;7;7
17;-32;8;8;8;8;8;8
18;-32;7;7;7;7;7;7
19;-32;5;1;1;5;1;1
20;-32;1;5;1;5;1;1
33;-8;8;8;8;8;8;8
33;-9;5;5;1;5;2;3
33;-11;3;1;3;1;3;4
33;-12;3;3;2;2;2;2
33;-13;3;2;4;1;3;4
33;-14;3;3;1;2;1;1
18;15;5;3;5;1;5;1
33;-15;8;8;8;8;8;8
17;16;5;1;1;4;1;5
33;-16;1;5;5;4;1;1
16;17;1;5;1;5;1;1
33;-17;3;1;1;3;3;1
15;18;5;1;5;1;1;1
33;-18;3;3;3;3;3;3
14;19;7;1;1;7;7;7
13;20;1;1;1;1;1;1
33;-19;1;3;3;3;4;3
33;-20;3;4;3;1;4;2
12;21;1;2;2;1;1;1
33;-21;3;4;1;3;3;2
11;22;3;2;2;2;3;2
33;-22;3;3;2;2;3;3
10;23;3;3;3;3;2;2
9;24;3;3;3;4;4;3
8;25;1;3;3;1;1;3
33;-23;1;3;2;3;3;3
33;-24;1;3;3;3;1;3
7;26;1;3;3;1;3;3
6;27;3;3;3;3;3;3
5;28;3;2;2;2;2;3
4;29;1;7;7;4;1;2
3;30;4;3;4;4;3;1
2;31;4;4;4;4;2;4
1;32;4;1;4;4;1;4
0;33;4;4;4;3;1;4
-1;33;3;3;1;3;1;4
-2;33;3;1;3;4;4;1
-3;33;4;3;4;1;3;4
-11;33;4;4;1;4;2;1
-12;33;4;2;1;2;3;2
-13;33;2;1;2;2;1;1
-14;33;2;2;1;2;1;1
-15;33;2;1;1;2;3;2
-16;33;2;2;3;3;1;2
-17;33;3;1;1;3;3;1
-18;33;3;1;6;6;3;6
-19;33;6;6;1;1;6;1
-21;33;8;8;8;8;8;8
-22;33;6;1;6;1;1;6
-23;33;1;4;1;4;4;3
-24;33;4;1;3;1;1;1
-25;33;1;3;4;3;4;4
-26;33;3;3;1;1;1;1
-27;33;1;1;2;2;4;4
-28;33;2;2;4;1;2;1
-30;33;4;1;1;4;1;1
-31;33;4;6;2;6;1;1
-32;33;6;3;3;1;6;3
-33;33;1;1;6;1;1;6
-33;32;2;1;2;1;2;1
-33;29;1;1;1;1;3;1
-33;28;3;3;3;3;3;4
-33;27;3;3;3;3;1;4
-33;26;1;1;1;1;4;4
-33;25;2;4;4;4;1;4
-33;24;2;1;1;1;3;4
-33;22;7;7;7;7;1;1
-33;21;5;1;1;1;1;5
-33;20;1;1;1;3;3;1
-33;19;1;3;2;1;2;1
-33;18;3;2;1;1;1;2
-33;17;4;1;1;1;1;4
-33;16;4;1;4;1;1;4
-33;15;1;1;4;1;4;3
-33;14;1;4;4;4;1;1
-33;13;3;1;1;1;1;1
-33;8;2;1;2;1;2;3
-33;0;4;2;4;1;4;4
-32;-1;4;4;4;4;1;4
-31;-2;1;1;4;6;1;6
-30;-3;1;6;6;3;1;1
-29;-4;3;5;1;5;3;5
-28;-5;8;8;8;8;8;8
-27;-6;1;4;5;1;5;1
-26;-7;8;8;8;8;8;8
-25;-8;7;1;7;7;7;7
-24;-9;1;1;5;4;5;4
-22;-11;2;2;2;2;2;2
-21;-12;4;2;2;1;2;2
-20;-13;1;4;2;1;3;4
15;-33;1;5;5;2;3;1
16;-33;5;1;5;1;5;1
17;-33;1;5;1;5;1;1
18;-33;1;5;1;1;5;1
19;-33;5;1;5;1;5;1
20;-33;7;7;1;7;7;7
34;-8;3;4;4;6;6;4
34;-9;2;6;6;5;1;5
34;-10;3;1;3;1;1;3
34;-12;1;4;4;3;3;4
34;-13;3;3;2;3;3;1
34;-14;4;3;4;3;3;3
34;-15;3;3;7;7;3;3
18;16;3;3;5;5;3;1
34;-16;3;3;7;7;3;3
17;17;1;5;3;1;1;5
34;-17;3;3;1;3;3;1
16;18;1;1;3;5;5;3
34;-18;1;3;1;3;1;3
15;19;3;3;1;1;1;3
34;-19;1;1;3;1;3;3
14;20;1;2;1;1;1;1
13;21;2;2;1;1;1;1
34;-20;2;3;3;3;3;2
34;-21;3;3;2;3;1;1
12;22;2;2;2;3;2;1
34;-22;3;1;2;3;3;3
11;23;4;3;1;3;2;2
34;-23;3;3;3;1;1;3
10;24;1;4;1;3;3;1
9;25;3;1;3;1;3;1
8;26;1;3;1;1;3;3
7;27;3;3;1;3;3;1
6;28;1;3;2;3;3;1
5;29;1;1;1;1;2;2
4;30;1;1;2;4;1;1
3;31;4;2;4;4;3;2
2;32;4;4;4;4;4;4
1;33;4;1;4;4;1;4
0;34;1;4;4;1;4;4
-1;34;1;3;3;1;3;4
-2;34;1;1;1;4;1;1
-3;34;4;4;1;1;3;3
-11;34;2;2;1;2;4;3
-12;34;2;1;2;1;2;1
-13;34;1;2;2;2;1;1
-14;34;2;2;2;2;2;2
-15;34;2;2;1;1;1;1
-16;34;1;1;1;1;2;1
-17;34;1;1;1;1;1;3
-18;34;7;7;7;4;1;1
-19;34;4;4;3;6;6;6
-20;34;6;2;6;3;6;1
-21;34;3;6;1;6;6;3
-22;34;6;6;6;1;1;6
-23;34;1;1;6;4;4;6
-24;34;4;4;1;7;7;7
-25;34;1;6;3;6;3;3
-26;34;6;1;3;6;3;4
-27;34;6;1;1;6;1;1
-28;34;6;6;1;1;2;2
-29;34;1;4;4;1;1;4
-30;34;1;1;4;1;7;7
-31;34;1;6;1;1;6;1
-32;34;1;3;1;3;3;2
-33;34;3;1;2;2;1;3
-34;34;2;2;3;6;1;6
-34;33;1;1;1;1;2;2
-34;32;1;2;3;2;2;1
-34;30;7;7;1;3;1;1
-34;29;1;1;3;1;2;3
-34;28;3;2;2;4;4;3
-34;27;3;4;4;4;1;1
-34;26;1;1;1;4;1;4
-34;25;4;1;4;4;1;1
-34;24;1;1;4;1;1;1
-34;23;1;1;1;5;1;5
-34;22;5;1;5;1;1;1
-34;21;1;1;1;4;2;1
-34;20;3;2;2;1;1;2
-34;19;1;1;1;1;1;1
-34;18;1;1;1;1;1;1
-34;17;1;1;4;4;4;4
-34;16;1;4;4;1;1;4
-34;15;1;1;4;1;1;4
-34;14;4;1;2;4;4;1
-33;-1;4;4;5;2;2;5
-32;-2;6;7;7;4;6;4
-31;-3;3;1;4;2;1;1
-30;-4;5;1;1;1;5;1
-29;-5;5;3;1;1;3;5
-28;-6;1;5;5;2;5;5
-27;-7;1;5;5;1;5;2
-26;-8;1;5;2;1;5;1
-25;-9;4;1;1;1;4;1
-24;-10;1;5;1;4;4;5
-23;-11;2;1;7;7;7;2
-22;-12;1;2;2;1;2;1
-21;-13;1;2;1;2;1;2
16;-34;5;5;1;1;1;1
17;-34;7;1;1;7;7;7
18;-34;2;5;1;5;2;2
35;-9;2;4;4;2;1;2
35;-10;5;1;5;3;1;1
35;-12;4;2;1;2;2;3
35;-13;1;1;4;3;3;3
35;-14;1;3;1;4;1;4
35;-15;1;1;3;3;1;1
35;-16;1;1;3;3;1;3
19;16;1;4;4;3;4;4
35;-17;3;1;3;3;1;1
17;18;1;1;5;1;5;1
35;-18;1;1;1;1;3;1
16;19;7;7;7;3;7;7
35;-19;2;3;3;1;3;1
35;-20;2;3;3;2;1;2
14;21;2;2;1;2;2;4
13;22;1;2;2;2;2;1
35;-21;3;1;2;3;3;1
35;-22;3;3;1;3;3;3
12;23;2;3;1;2;2;2
35;-23;4;3;3;3;2;3
11;24;3;2;1;1;3;1
10;25;1;3;4;3;4;1
9;26;3;3;3;1;1;4
8;27;3;3;3;3;3;3
7;28;3;1;3;1;3;3
6;29;3;3;1;1;3;3
5;30;1;2;4;1;1;1
4;31;3;4;1;4;1;4
3;32;1;1;1;4;2;1
2;33;7;7;4;4;4;7
1;34;1;1;1;1;1;4
0;35;1;1;1;1;4;1
-10;34;2;2;1;2;2;1
-11;35;2;2;1;2;2;1
-12;35;2;2;2;2;1;1
-13;35;2;2;2;2;2;2
-14;35;2;2;2;2;2;2
-15;35;2;2;2;2;2;2
-16;35;2;1;1;2;1;1
-17;35;2;2;2;1;1;1
-18;35;1;1;2;1;1;1
-19;35;1;1;2;3;4;1
-20;35;3;7;7;1;2;3
-21;35;1;3;1;1;6;6
-22;35;1;6;2;2;6;1
-23;35;2;1;6;1;1;6
-24;35;1;6;1;6;4;6
-25;35;6;3;1;1;6;1
-26;35;1;7;7;7;1;3
-27;35;1;1;1;1;1;3
-28;35;8;8;8;8;8;8
-29;35;6;5;5;6;4;1
-30;35;6;6;1;6;1;4
-31;35;6;4;6;4;6;4
-32;35;4;1;3;3;3;1
-33;35;3;3;1;1;1;1
-34;35;1;2;4;2;2;2
-35;34;6;1;1;6;1;1
-35;32;2;2;1;2;2;1
-34;31;2;2;1;2;1;1
-35;31;2;2;2;1;1;1
-35;30;3;1;3;4;1;3
-35;29;7;7;4;2;2;2
-35;28;4;2;2;3;2;4
-35;27;4;2;4;4;1;1
-35;26;4;1;4;4;1;4
-35;25;4;1;1;1;1;4
-35;24;1;1;4;1;1;1
-35;23;7;7;4;4;4;7
-35;22;1;4;4;4;4;1
-35;21;4;4;4;4;4;2
-35;20;1;4;1;4;4;1
-35;19;1;4;1;4;4;1
-35;18;1;4;4;1;4;4
-35;17;4;4;4;4;4;4
-35;16;1;4;4;1;4;4
-35;15;1;4;1;1;2;2
-34;-1;2;2;7;7;7;2
-33;-2;4;2;2;2;1;2
-32;-3;2;6;2;6;2;2
-31;-4;1;1;2;2;1;1
-30;-5;1;5;1;1;5;3
-29;-6;2;3;3;1;1;2
-28;-7;1;5;2;3;1;5
-27;-8;7;7;7;1;2;7
-26;-9;1;5;5;1;5;5
-25;-10;4;4;5;4;4;5
-24;-11;5;4;5;4;4;4
36;-10;4;5;2;5;4;4
36;-16;1;1;1;1;3;3
36;-17;3;3;3;3;3;1
20;16;1;3;4;1;4;4
19;17;4;4;2;4;4;4
20;15;1;4;4;1;1;4
18;18;1;5;5;1;5;2
17;19;5;5;1;1;1;5
16;20;2;5;1;3;5;1
36;-20;1;2;1;2;3;2
36;-21;1;3;2;3;3;3
15;21;1;1;2;2;1;1
14;22;1;1;2;1;2;2
13;23;2;2;2;2;2;2
36;-22;3;3;1;3;1;1
12;24;2;3;2;3;3;2
11;25;1;1;2;1;2;2
10;26;4;1;3;3;3;2
9;27;3;3;3;3;3;3
8;28;3;2;2;3;3;3
7;29;3;3;3;3;1;2
6;30;3;3;3;3;3;3
5;31;3;3;3;3;2;3
4;32;1;1;1;1;4;3
3;33;3;3;1;1;1;1
2;34;3;3;1;1;1;1
1;35;3;3;3;1;1;1
0;36;1;1;1;1;1;3
-9;34;1;1;2;2;1;1
-10;35;1;1;2;2;2;2
-11;36;1;2;1;1;2;2
-12;36;1;1;1;3;2;1
-13;36;3;2;2;2;2;2
-14;36;2;2;2;2;2;2
-15;36;2;2;4;2;2;2
-16;36;2;2;2;2;1;2
-17;36;2;2;2;1;2;1
-18;36;1;2;1;2;1;2
-19;36;2;1;1;2;1;2
-20;36;2;1;1;3;1;2
-21;36;3;3;6;6;3;1
-22;36;6;1;6;1;6;1
-24;36;4;1;6;6;6;6
-25;36;6;1;6;1;3;1
-26;36;1;6;1;6;1;1
-27;36;6;1;6;6;1;1
-28;36;6;1;1;6;1;1
-29;36;8;8;8;8;8;8
-30;36;8;8;8;8;8;8
-31;36;6;6;2;4;4;1
-32;36;4;4;4;6;1;6
-33;36;6;6;2;4;3;3
-34;36;4;2;3;2;2;1
-35;36;2;3;4;4;2;4
-36;34;6;1;1;4;6;4
-36;33;1;6;1;1;6;1
-36;32;2;6;6;1;6;2
-36;31;1;6;1;6;3;3
-36;30;4;3;6;4;2;4
-36;29;2;2;2;2;1;2
-36;28;3;1;1;4;4;4
-36;27;4;4;4;4;4;4
-36;26;4;4;1;1;4;1
-36;25;1;4;1;4;4;4
-36;24;1;4;4;4;4;4
-36;23;4;4;1;1;4;4
-36;22;4;4;3;2;4;4
-36;21;4;4;1;4;4;1
-36;20;4;4;3;4;4;1
-36;19;4;4;4;3;3;4
-36;18;1;3;4;4;4;4
-36;17;4;4;4;1;1;4
-36;16;1;1;1;1;1;1
-34;-2;2;1;2;1;1;1
-33;-3;6;1;1;6;1;1
-32;-4;2;2;1;2;1;1
-31;-5;1;1;1;1;1;1
-30;-6;8;8;8;8;8;8
-29;-7;3;1;6;3;6;3
-27;-9;1;2;2;5;1;5
-26;-10;4;5;5;4;2;4
-25;-11;4;4;4;1;4;3
37;-17;1;1;3;3;1;1
21;16;4;4;3;1;1;3
20;17;3;4;4;4;3;3
21;15;2;1;4;1;4;4
19;18;1;1;1;1;4;4
18;19;5;2;2;5;5;1
17;20;2;4;5;2;5;2
16;21;1;3;5;1;5;5
15;22;7;7;1;7;7;7
14;23;1;2;2;2;1;1
13;24;2;2;2;2;2;2
12;25;1;3;1;1;3;2
11;26;1;1;1;4;1;1
10;27;1;1;3;3;1;1
9;28;3;3;1;3;3;3
7;30;1;3;1;3;3;3
6;31;3;1;1;3;3;1
5;32;3;3;3;1;3;1
4;33;1;3;3;3;1;3
3;34;3;3;3;3;3;3
2;35;3;3;3;3;3;3
1;36;7;7;3;1;3;3
0;37;3;3;1;1;1;3
-13;37;2;1;1;2;2;1
-14;37;2;1;1;2;2;2
-15;37;2;1;4;4;2;2
-16;37;4;2;2;2;2;4
-17;37;2;1;1;1;2;2
-18;37;1;2;2;2;2;2
-19;37;2;2;2;1;1;1
-20;37;1;1;3;1;1;1
-21;37;1;3;3;1;3;1
-22;37;1;1;6;1;1;6
-23;37;1;1;1;6;4;6
-24;37;8;8;8;8;8;8
-25;37;6;1;1;6;1;6
-26;37;8;8;8;8;8;8
-27;37;1;6;1;6;1;1
-28;37;6;1;6;1;1;6
-29;37;1;6;1;1;6;1
-30;37;1;6;1;1;6;6
-31;37;1;5;5;1;6;6
-33;37;1;6;1;1;6;4
-34;37;1;6;2;2;2;2
-35;37;2;1;2;2;3;3
-37;34;4;1;3;1;1;1
-37;33;1;1;2;6;4;6
-37;32;1;4;4;7;7;1
-37;31;8;8;8;8;8;8
-37;29;2;1;2;1;2;1
-37;28;4;2;3;4;4;4
-37;27;4;4;1;4;1;1
-37;26;1;1;4;4;1;1
-37;25;4;1;1;4;4;4
-37;24;4;4;4;1;1;1
-37;23;1;1;4;4;2;3
-37;22;2;2;2;2;1;1
-37;20;4;4;4;4;4;4
-37;19;3;4;4;1;4;4
-37;18;4;4;4;2;4;4
-37;17;1;4;4;1;1;1
-35;-2;1;6;4;2;2;6
-34;-3;6;1;6;2;6;1
-33;-4;2;1;1;1;1;1
-32;-5;1;1;1;1;2;1
-31;-6;6;1;1;6;6;6
-30;-7;3;6;6;3;1;1
-29;-8;8;8;8;8;8;8
22;16;4;4;4;4;4;4
21;17;1;4;4;3;4;4
22;15;4;4;3;2;2;2
20;18;4;4;1;1;4;4
19;19;7;4;4;7;7;7
18;20;1;3;2;2;2;4
17;21;2;4;2;1;4;2
16;22;5;1;5;5;3;2
15;23;7;7;4;7;7;7
14;24;2;4;1;2;2;4
13;25;1;1;1;1;2;1
12;26;1;1;1;1;3;1
11;27;1;1;1;1;1;1
10;28;4;3;3;3;1;1
9;29;4;1;4;4;3;3
8;30;4;3;4;1;1;4
7;31;3;3;1;3;3;4
6;32;1;3;3;3;1;1
5;33;1;1;1;1;3;3
4;34;3;3;1;3;3;1
3;35;3;1;1;3;3;1
2;36;1;5;1;5;3;1
1;37;3;3;3;3;1;1
0;38;7;7;7;3;3;3
-1;38;3;3;1;1;1;1
-14;38;2;2;2;2;1;1
-16;38;4;2;1;2;2;4
-17;38;2;4;1;2;1;2
-18;38;2;2;2;2;2;1
-19;38;2;2;2;2;2;2
-21;38;1;3;2;3;3;3
-22;38;3;3;3;1;1;3
-23;38;1;6;3;3;1;6
-24;38;3;1;2;2;6;1
-25;38;2;2;2;6;1;6
-26;38;6;3;6;7;7;7
-27;38;1;6;4;1;6;6
-28;38;7;2;4;4;1;7
-29;38;4;4;1;2;6;6
-30;38;2;1;6;1;6;1
-31;38;7;7;7;7;7;7
-32;38;7;7;7;1;1;7
-33;38;1;1;6;1;6;4
-34;38;1;1;6;1;6;1
-35;38;1;4;4;2;1;2
-38;34;1;2;1;2;1;2
-38;33;6;1;6;1;6;4
-38;32;8;8;8;8;8;8
-38;31;6;1;6;1;1;1
-38;30;3;1;1;1;2;2
-38;29;1;2;1;1;4;3
-38;28;4;4;3;4;4;1
-38;27;4;4;4;4;4;4
-38;26;4;4;4;4;4;1
-38;25;4;4;1;1;4;4
-38;24;1;4;4;4;1;4
-38;23;4;1;4;4;2;2
-38;22;2;2;2;1;1;1
-38;21;1;1;3;4;4;4
-38;20;4;4;4;4;4;4
-38;19;1;4;4;2;4;4
-38;18;2;4;3;2;2;4
-35;-3;2;2;4;4;3;3
-34;-4;1;6;3;1;1;6
-33;-5;1;1;6;1;1;6
-32;-6;6;2;6;3;1;1
23;16;4;4;4;4;4;4
22;17;4;4;4;1;4;4
23;15;4;4;4;4;2;2
21;18;4;2;4;4;4;4
20;19;4;3;1;1;4;4
19;20;3;1;1;1;4;1
17;22;4;5;1;5;4;4
16;23;3;3;2;1;1;1
15;24;2;1;3;2;1;2
14;25;4;4;4;1;4;3
13;26;4;4;4;1;1;4
12;27;4;3;1;1;1;4
11;28;1;1;3;4;1;1
10;29;3;3;2;4;3;3
9;30;3;3;3;4;1;2
8;31;1;1;3;3;3;3
7;32;1;3;1;1;3;3
6;33;3;3;3;1;3;1
5;34;2;2;3;3;1;3
4;35;1;3;3;3;3;3
2;37;3;3;1;3;7;7
1;38;3;1;1;1;3;1
0;39;1;5;2;2;5;1
-1;39;2;1;5;2;3;5
-20;39;4;2;2;1;2;2
-21;39;1;1;4;6;3;4
-22;39;6;2;4;6;3;2
-23;39;6;4;6;3;6;3
-24;39;3;1;1;1;1;3
-25;39;1;2;1;1;2;2
-26;39;1;1;4;3;3;2
-27;39;3;1;3;1;6;6
-28;39;1;1;3;2;2;4
-29;39;2;4;4;4;4;4
-30;39;4;1;4;1;1;1
-31;39;1;6;1;5;5;6
-32;39;5;1;5;1;5;5
-33;39;7;7;7;7;7;1
-34;39;1;6;1;6;1;6
-35;39;6;2;4;4;4;6
-39;35;4;2;1;4;4;1
-39;34;2;4;4;1;6;6
-39;33;8;8;8;8;8;8
-39;32;6;6;6;1;1;6
-39;31;1;1;1;4;4;1
-39;30;1;4;2;4;4;1
-39;29;1;4;4;4;4;3
-39;28;4;4;4;4;4;4
-39;27;4;4;4;4;4;4
-39;26;4;4;1;4;4;1
-39;25;1;4;1;4;4;4
-39;24;4;4;4;4;4;4
-39;23;4;4;4;4;4;2
24;16;2;2;4;4;4;4
23;17;4;4;2;4;4;4
24;15;4;4;4;4;2;4
22;18;1;2;4;4;4;2
21;19;4;4;4;4;2;4
20;20;1;1;4;3;3;4
17;23;7;7;1;3;7;7
16;24;1;1;1;2;3;1
15;25;4;4;2;4;1;1
14;26;4;1;1;4;4;2
13;27;4;1;1;4;4;1
12;28;1;1;1;1;3;1
11;29;1;1;3;3;1;1
10;30;3;3;3;3;3;3
9;31;2;1;3;1;3;3
8;32;3;3;3;1;1;3
7;33;3;3;3;3;3;3
6;34;4;4;2;2;3;3
5;35;1;7;7;1;2;2
4;36;3;3;4;4;3;1
3;37;2;2;3;3;4;4
2;38;1;1;1;3;3;3
-20;40;2;2;2;2;2;3
-21;40;2;2;1;1;1;2
-22;40;1;2;2;1;2;4
-23;40;1;2;4;1;4;4
-24;40;1;1;6;1;1;6
-25;40;1;2;2;2;2;1
-26;40;2;1;2;1;1;1
-27;40;1;1;1;3;1;4
-28;40;3;1;1;3;1;3
-29;40;3;4;1;4;4;3
-30;40;4;3;2;4;1;4
-31;40;4;6;1;1;6;4
-32;40;1;7;7;7;1;1
-33;40;5;5;1;1;5;5
-34;40;1;4;4;4;6;1
-35;40;4;1;1;1;2;1
-40;36;3;4;4;4;4;1
-40;35;4;4;6;1;6;4
-40;34;1;6;1;1;1;1
-40;33;6;1;1;1;1;6
-40;32;1;1;1;1;4;1
-40;31;4;4;4;4;4;2
-40;30;4;4;4;2;2;4
-40;29;4;2;4;4;4;4
-40;28;4;4;4;4;4;4
-40;27;4;4;4;1;1;1
-40;26;4;1;1;4;4;1
-40;25;4;4;4;4;4;4
-40;24;4;4;3;3;3;4
22;19;2;4;4;4;2;2
21;20;1;4;4;1;4;4
16;25;1;1;4;4;1;1
15;26;4;4;4;4;4;4
14;27;4;2;4;4;1;4
12;29;1;3;3;1;7;7
11;30;3;1;1;3;1;3
10;31;2;2;2;2;3;1
9;32;5;1;5;3;1;2
8;33;7;7;3;3;3;7
7;34;3;3;3;4;3;3
6;35;1;4;4;1;4;3
5;36;5;3;3;3;5;4
4;37;4;3;3;2;3;3
3;38;3;3;1;1;2;3
-20;41;2;2;2;1;2;2
-21;41;1;2;1;2;2;2
-22;41;2;1;2;1;2;1
-23;41;1;4;2;4;2;2
-24;41;4;3;2;1;1;4
-25;41;1;6;4;1;2;6
-32;41;6;1;6;5;5;1
-33;41;7;7;7;7;7;7
-41;36;4;4;1;4;6;6
-41;35;7;6;4;6;7;7
-41;34;1;1;1;1;4;1
-41;33;1;4;1;2;4;1
-41;32;1;4;2;2;4;4
-41;31;4;4;2;2;2;4
-41;30;2;2;4;1;4;4
-41;29;4;4;1;4;4;4
-41;28;4;4;4;4;4;4
-41;27;1;4;1;4;4;1
-41;26;4;4;1;1;3;4
-41;25;4;3;2;1;3;3
23;19;4;4;4;2;2;2
22;20;1;4;1;1;4;4
12;30;4;1;3;3;3;1
11;31;3;2;2;2;1;3
10;32;2;5;1;5;2;2
9;33;1;1;1;1;1;1
8;34;1;3;1;3;1;1
7;35;3;1;3;1;3;1
5;37;3;1;3;4;3;3
4;38;3;3;3;3;3;3
3;39;1;1;3;4;3;3
-20;42;3;3;2;2;2;3
-21;42;2;2;3;2;2;2
-22;42;2;2;2;2;1;1
-23;42;2;1;2;2;4;2
-24;42;2;4;1;2;3;2
-25;42;2;2;1;4;6;2
-26;42;4;1;1;4;4;4
-33;42;1;1;6;1;1;6
-42;35;6;1;1;6;1;1
-42;34;1;1;1;1;2;1
-42;33;2;2;1;2;3;2
-42;32;2;3;3;2;2;2
-42;31;2;2;2;4;4;4
-42;30;1;4;4;4;3;1
-42;29;4;3;4;4;4;4
-42;28;4;4;4;1;4;1
-42;27;4;4;1;1;1;1
12;31;1;3;1;3;1;1
11;32;1;1;1;2;2;1
10;33;8;8;8;8;8;8
9;34;1;3;3;1;1;1
8;35;1;4;3;3;3;3
-21;43;2;2;4;3;2;2
-23;43;1;1;2;2;1;2
-24;43;2;1;2;1;4;2
-25;43;1;1;1;2;2;1
-26;43;2;1;1;1;1;1
-43;36;1;6;6;1;1;1
-43;35;6;1;1;4;6;1
-43;34;1;6;6;1;3;1
-43;33;2;3;3;3;1;3
-43;32;2;1;2;2;1;2
-43;31;4;1;4;1;1;4
-43;30;4;1;4;4;4;4
-43;29;4;4;4;4;4;4
-43;28;1;4;4;4;1;1
9;35;1;1;1;1;3;3
-43;37;3;6;1;1;6;3
-44;37;1;6;1;6;1;6
-44;36;1;1;6;6;6;1
-44;35;4;6;6;2;1;6
-43;38;1;6;1;1;6;1
-44;38;1;6;1;4;6;1
-45;38;4;4;2;4;4;1
-45;37;6;4;4;6;6;6
-45;36;6;6;6;3;2;6
-43;39;2;2;2;1;6;1
-44;39;1;1;6;1;6;1
-45;39;1;1;4;4;4;1
-46;38;4;2;2;1;1;4
-46;37;8;8;8;8;8;8
-45;40;1;6;3;4;1;6
-47;38;1;1;1;1;6;6
-47;37;6;6;1;1;1;1
